#Chr	Start	End	GC_percent
Chr01	1	100000	44.414
Chr01	100001	200000	47.305
Chr01	200001	300000	43.203
Chr01	300001	400000	40.144
Chr01	400001	500000	43.460
Chr01	500001	600000	43.343
Chr01	600001	700000	42.340
Chr01	700001	800000	42.359
Chr01	800001	900000	47.919
Chr01	900001	1000000	46.005
Chr01	1000001	1100000	42.087
Chr01	1100001	1200000	43.033
Chr01	1200001	1300000	44.649
Chr01	1300001	1400000	44.390
Chr01	1400001	1500000	46.417
Chr01	1500001	1600000	43.662
Chr01	1600001	1700000	42.108
Chr01	1700001	1800000	44.821
Chr01	1800001	1900000	43.186
Chr01	1900001	2000000	47.640
Chr01	2000001	2100000	45.225
Chr01	2100001	2200000	44.362
Chr01	2200001	2300000	41.736
Chr01	2300001	2400000	43.114
Chr01	2400001	2500000	40.900
Chr01	2500001	2600000	43.656
Chr01	2600001	2700000	42.377
Chr01	2700001	2800000	42.742
Chr01	2800001	2900000	43.249
Chr01	2900001	3000000	48.480
Chr01	3000001	3100000	46.324
Chr01	3100001	3200000	46.039
Chr01	3200001	3300000	45.089
Chr01	3300001	3400000	42.664
Chr01	3400001	3500000	42.575
Chr01	3500001	3600000	40.906
Chr01	3600001	3700000	44.541
Chr01	3700001	3800000	43.002
Chr01	3800001	3900000	41.049
Chr01	3900001	4000000	43.124
Chr01	4000001	4100000	40.995
Chr01	4100001	4200000	42.281
Chr01	4200001	4300000	41.396
Chr01	4300001	4400000	41.604
Chr01	4400001	4500000	43.822
Chr01	4500001	4600000	43.193
Chr01	4600001	4700000	44.470
Chr01	4700001	4800000	42.803
Chr01	4800001	4900000	45.507
Chr01	4900001	5000000	43.262
Chr01	5000001	5100000	41.765
Chr01	5100001	5200000	41.512
Chr01	5200001	5300000	42.676
Chr01	5300001	5400000	41.010
Chr01	5400001	5500000	41.894
Chr01	5500001	5600000	41.125
Chr01	5600001	5700000	40.989
Chr01	5700001	5800000	42.569
Chr01	5800001	5900000	46.573
Chr01	5900001	6000000	43.866
Chr01	6000001	6100000	43.924
Chr01	6100001	6200000	42.875
Chr01	6200001	6300000	42.975
Chr01	6300001	6400000	43.163
Chr01	6400001	6500000	42.648
Chr01	6500001	6600000	43.179
Chr01	6600001	6700000	41.638
Chr01	6700001	6800000	46.676
Chr01	6800001	6900000	42.814
Chr01	6900001	7000000	45.130
Chr01	7000001	7100000	43.370
Chr01	7100001	7200000	41.947
Chr01	7200001	7300000	41.993
Chr01	7300001	7400000	42.524
Chr01	7400001	7500000	42.174
Chr01	7500001	7600000	42.296
Chr01	7600001	7700000	45.934
Chr01	7700001	7800000	46.063
Chr01	7800001	7900000	45.224
Chr01	7900001	8000000	41.848
Chr01	8000001	8100000	45.859
Chr01	8100001	8200000	42.843
Chr01	8200001	8300000	43.503
Chr01	8300001	8400000	43.074
Chr01	8400001	8500000	41.816
Chr01	8500001	8600000	44.059
Chr01	8600001	8700000	44.357
Chr01	8700001	8800000	41.663
Chr01	8800001	8900000	43.457
Chr01	8900001	9000000	43.747
Chr01	9000001	9100000	41.210
Chr01	9100001	9200000	41.498
Chr01	9200001	9300000	41.122
Chr01	9300001	9400000	45.813
Chr01	9400001	9500000	43.145
Chr01	9500001	9600000	41.433
Chr01	9600001	9700000	42.193
Chr01	9700001	9800000	39.968
Chr01	9800001	9900000	42.546
Chr01	9900001	10000000	41.522
Chr01	10000001	10100000	47.394
Chr01	10100001	10200000	45.605
Chr01	10200001	10300000	44.012
Chr01	10300001	10400000	42.844
Chr01	10400001	10500000	45.479
Chr01	10500001	10600000	45.855
Chr01	10600001	10700000	42.476
Chr01	10700001	10800000	44.032
Chr01	10800001	10900000	46.009
Chr01	10900001	11000000	44.341
Chr01	11000001	11100000	41.106
Chr01	11100001	11200000	43.494
Chr01	11200001	11300000	42.209
Chr01	11300001	11400000	41.741
Chr01	11400001	11500000	43.373
Chr01	11500001	11600000	39.982
Chr01	11600001	11700000	41.059
Chr01	11700001	11800000	43.235
Chr01	11800001	11900000	44.224
Chr01	11900001	12000000	44.062
Chr01	12000001	12100000	45.055
Chr01	12100001	12200000	41.880
Chr01	12200001	12300000	40.320
Chr01	12300001	12400000	40.162
Chr01	12400001	12500000	45.062
Chr01	12500001	12600000	45.466
Chr01	12600001	12700000	43.924
Chr01	12700001	12800000	43.345
Chr01	12800001	12900000	47.607
Chr01	12900001	13000000	42.377
Chr01	13000001	13100000	48.549
Chr01	13100001	13200000	44.546
Chr01	13200001	13300000	43.021
Chr01	13300001	13400000	40.761
Chr01	13400001	13500000	42.786
Chr01	13500001	13600000	43.884
Chr01	13600001	13700000	42.327
Chr01	13700001	13800000	46.046
Chr01	13800001	13900000	43.323
Chr01	13900001	14000000	44.205
Chr01	14000001	14100000	41.019
Chr01	14100001	14200000	43.129
Chr01	14200001	14300000	42.842
Chr01	14300001	14400000	40.591
Chr01	14400001	14500000	40.653
Chr01	14500001	14600000	44.611
Chr01	14600001	14700000	42.168
Chr01	14700001	14800000	45.689
Chr01	14800001	14900000	44.167
Chr01	14900001	15000000	41.597
Chr01	15000001	15100000	38.968
Chr01	15100001	15200000	46.530
Chr01	15200001	15300000	43.652
Chr01	15300001	15400000	42.762
Chr01	15400001	15500000	43.566
Chr01	15500001	15600000	44.833
Chr01	15600001	15700000	45.202
Chr01	15700001	15800000	43.662
Chr01	15800001	15900000	42.933
Chr01	15900001	16000000	42.570
Chr01	16000001	16100000	41.388
Chr01	16100001	16200000	40.009
Chr01	16200001	16300000	46.515
Chr01	16300001	16400000	45.145
Chr01	16400001	16500000	43.937
Chr01	16500001	16600000	42.216
Chr01	16600001	16700000	47.482
Chr01	16700001	16800000	44.273
Chr01	16800001	16900000	41.227
Chr01	16900001	17000000	41.936
Chr01	17000001	17100000	41.216
Chr01	17100001	17200000	41.241
Chr01	17200001	17300000	43.534
Chr01	17300001	17400000	39.472
Chr01	17400001	17500000	43.405
Chr01	17500001	17600000	44.231
Chr01	17600001	17700000	43.870
Chr01	17700001	17800000	43.959
Chr01	17800001	17900000	44.795
Chr01	17900001	18000000	42.329
Chr01	18000001	18100000	43.503
Chr01	18100001	18200000	43.135
Chr01	18200001	18300000	41.357
Chr01	18300001	18400000	45.407
Chr01	18400001	18500000	45.042
Chr01	18500001	18600000	40.500
Chr01	18600001	18700000	42.679
Chr01	18700001	18800000	41.610
Chr01	18800001	18900000	44.216
Chr01	18900001	19000000	42.004
Chr01	19000001	19100000	43.063
Chr01	19100001	19200000	42.440
Chr01	19200001	19300000	43.611
Chr01	19300001	19400000	43.743
Chr01	19400001	19500000	43.911
Chr01	19500001	19600000	43.392
Chr01	19600001	19700000	42.495
Chr01	19700001	19800000	44.719
Chr01	19800001	19900000	40.240
Chr01	19900001	20000000	41.481
Chr01	20000001	20100000	44.263
Chr01	20100001	20200000	49.651
Chr01	20200001	20300000	44.722
Chr01	20300001	20400000	46.578
Chr01	20400001	20500000	44.356
Chr01	20500001	20600000	46.993
Chr01	20600001	20700000	40.915
Chr01	20700001	20800000	45.119
Chr01	20800001	20900000	43.190
Chr01	20900001	21000000	42.148
Chr01	21000001	21100000	40.863
Chr01	21100001	21200000	41.561
Chr01	21200001	21300000	46.006
Chr01	21300001	21400000	43.080
Chr01	21400001	21500000	42.605
Chr01	21500001	21600000	45.428
Chr01	21600001	21700000	43.250
Chr01	21700001	21800000	44.724
Chr01	21800001	21900000	46.977
Chr01	21900001	22000000	44.560
Chr01	22000001	22100000	43.475
Chr01	22100001	22200000	43.537
Chr01	22200001	22300000	46.236
Chr01	22300001	22400000	46.063
Chr01	22400001	22500000	41.467
Chr01	22500001	22600000	42.564
Chr01	22600001	22700000	43.863
Chr01	22700001	22800000	41.136
Chr01	22800001	22900000	43.338
Chr01	22900001	23000000	42.817
Chr01	23000001	23100000	42.144
Chr01	23100001	23200000	43.912
Chr01	23200001	23300000	43.307
Chr01	23300001	23400000	40.387
Chr01	23400001	23500000	43.927
Chr01	23500001	23600000	41.398
Chr01	23600001	23700000	43.840
Chr01	23700001	23800000	41.778
Chr01	23800001	23900000	47.310
Chr01	23900001	24000000	41.609
Chr01	24000001	24100000	46.634
Chr01	24100001	24200000	46.727
Chr01	24200001	24300000	42.484
Chr01	24300001	24400000	43.661
Chr01	24400001	24500000	43.763
Chr01	24500001	24600000	41.550
Chr01	24600001	24700000	42.811
Chr01	24700001	24800000	43.501
Chr01	24800001	24900000	41.518
Chr01	24900001	25000000	44.341
Chr01	25000001	25100000	42.144
Chr01	25100001	25200000	42.593
Chr01	25200001	25300000	43.558
Chr01	25300001	25400000	43.928
Chr01	25400001	25500000	44.270
Chr01	25500001	25600000	44.233
Chr01	25600001	25700000	46.168
Chr01	25700001	25800000	43.998
Chr01	25800001	25900000	41.284
Chr01	25900001	26000000	39.387
Chr01	26000001	26100000	42.969
Chr01	26100001	26200000	44.798
Chr01	26200001	26300000	44.587
Chr01	26300001	26400000	45.829
Chr01	26400001	26500000	45.561
Chr01	26500001	26600000	44.988
Chr01	26600001	26700000	46.018
Chr01	26700001	26800000	42.475
Chr01	26800001	26900000	44.745
Chr01	26900001	27000000	45.967
Chr01	27000001	27100000	41.237
Chr01	27100001	27200000	43.959
Chr01	27200001	27300000	45.777
Chr01	27300001	27400000	44.925
Chr01	27400001	27500000	44.525
Chr01	27500001	27600000	49.666
Chr01	27600001	27700000	45.549
Chr01	27700001	27800000	42.595
Chr01	27800001	27900000	43.105
Chr01	27900001	28000000	45.867
Chr01	28000001	28100000	47.910
Chr01	28100001	28200000	44.796
Chr01	28200001	28300000	41.902
Chr01	28300001	28400000	43.573
Chr01	28400001	28500000	45.151
Chr01	28500001	28600000	43.063
Chr01	28600001	28700000	45.133
Chr01	28700001	28800000	42.167
Chr01	28800001	28900000	44.098
Chr01	28900001	29000000	44.108
Chr01	29000001	29100000	43.180
Chr01	29100001	29200000	44.685
Chr01	29200001	29300000	43.058
Chr01	29300001	29400000	46.009
Chr01	29400001	29500000	46.322
Chr01	29500001	29600000	45.257
Chr01	29600001	29700000	46.198
Chr01	29700001	29800000	46.192
Chr01	29800001	29900000	44.936
Chr01	29900001	30000000	45.838
Chr01	30000001	30100000	43.248
Chr01	30100001	30200000	44.252
Chr01	30200001	30300000	43.951
Chr01	30300001	30400000	42.264
Chr01	30400001	30500000	43.646
Chr01	30500001	30600000	43.767
Chr01	30600001	30700000	43.306
Chr01	30700001	30800000	42.064
Chr01	30800001	30900000	43.744
Chr01	30900001	31000000	43.441
Chr01	31000001	31100000	46.658
Chr01	31100001	31200000	45.299
Chr01	31200001	31300000	44.184
Chr01	31300001	31400000	43.655
Chr01	31400001	31500000	43.042
Chr01	31500001	31600000	44.686
Chr01	31600001	31700000	45.650
Chr01	31700001	31800000	44.491
Chr01	31800001	31900000	46.697
Chr01	31900001	32000000	44.294
Chr01	32000001	32100000	49.831
Chr01	32100001	32200000	43.250
Chr01	32200001	32300000	43.292
Chr01	32300001	32400000	46.002
Chr01	32400001	32500000	43.943
Chr01	32500001	32600000	45.824
Chr01	32600001	32700000	44.344
Chr01	32700001	32800000	41.834
Chr01	32800001	32900000	46.829
Chr01	32900001	33000000	44.468
Chr01	33000001	33100000	42.878
Chr01	33100001	33200000	42.225
Chr01	33200001	33300000	41.523
Chr01	33300001	33400000	44.491
Chr01	33400001	33500000	42.922
Chr01	33500001	33600000	40.719
Chr01	33600001	33700000	45.930
Chr01	33700001	33800000	44.330
Chr01	33800001	33900000	44.319
Chr01	33900001	34000000	44.863
Chr01	34000001	34100000	43.488
Chr01	34100001	34200000	41.791
Chr01	34200001	34300000	46.117
Chr01	34300001	34400000	44.346
Chr01	34400001	34500000	45.681
Chr01	34500001	34600000	43.359
Chr01	34600001	34700000	48.396
Chr01	34700001	34800000	44.801
Chr01	34800001	34900000	44.416
Chr01	34900001	35000000	43.241
Chr01	35000001	35100000	40.788
Chr01	35100001	35200000	44.175
Chr01	35200001	35300000	43.087
Chr01	35300001	35400000	42.680
Chr01	35400001	35500000	43.727
Chr01	35500001	35600000	43.682
Chr01	35600001	35700000	46.415
Chr01	35700001	35800000	45.425
Chr01	35800001	35900000	46.273
Chr01	35900001	36000000	46.772
Chr01	36000001	36100000	45.170
Chr01	36100001	36200000	46.405
Chr01	36200001	36300000	45.963
Chr01	36300001	36400000	43.734
Chr01	36400001	36500000	43.952
Chr01	36500001	36600000	42.039
Chr01	36600001	36700000	45.757
Chr01	36700001	36800000	43.417
Chr01	36800001	36900000	43.764
Chr01	36900001	37000000	43.391
Chr01	37000001	37100000	43.624
Chr01	37100001	37200000	46.442
Chr01	37200001	37300000	46.292
Chr01	37300001	37400000	43.543
Chr01	37400001	37500000	46.667
Chr01	37500001	37600000	48.427
Chr01	37600001	37700000	42.637
Chr01	37700001	37800000	43.132
Chr01	37800001	37900000	45.914
Chr01	37900001	38000000	42.784
Chr01	38000001	38100000	45.345
Chr01	38100001	38200000	47.053
Chr01	38200001	38300000	43.421
Chr01	38300001	38400000	43.013
Chr01	38400001	38500000	44.359
Chr01	38500001	38600000	43.071
Chr01	38600001	38700000	44.270
Chr01	38700001	38800000	45.285
Chr01	38800001	38900000	45.762
Chr01	38900001	39000000	44.657
Chr01	39000001	39100000	42.355
Chr01	39100001	39200000	43.155
Chr01	39200001	39300000	44.502
Chr01	39300001	39400000	42.700
Chr01	39400001	39500000	44.900
Chr01	39500001	39600000	45.013
Chr01	39600001	39700000	42.498
Chr01	39700001	39800000	40.385
Chr01	39800001	39900000	41.970
Chr01	39900001	40000000	43.746
Chr01	40000001	40100000	44.236
Chr01	40100001	40200000	44.524
Chr01	40200001	40300000	43.772
Chr01	40300001	40400000	46.346
Chr01	40400001	40500000	43.524
Chr01	40500001	40600000	42.549
Chr01	40600001	40700000	43.521
Chr01	40700001	40800000	43.482
Chr01	40800001	40900000	42.860
Chr01	40900001	41000000	39.233
Chr01	41000001	41100000	40.342
Chr01	41100001	41200000	40.740
Chr01	41200001	41300000	42.251
Chr01	41300001	41400000	39.997
Chr01	41400001	41500000	41.594
Chr01	41500001	41600000	42.985
Chr01	41600001	41700000	42.514
Chr01	41700001	41800000	44.620
Chr01	41800001	41900000	43.914
Chr01	41900001	42000000	40.321
Chr01	42000001	42100000	50.161
Chr01	42100001	42200000	41.769
Chr01	42200001	42300000	45.913
Chr01	42300001	42400000	42.776
Chr01	42400001	42500000	45.754
Chr01	42500001	42600000	41.824
Chr01	42600001	42700000	43.647
Chr01	42700001	42800000	43.467
Chr01	42800001	42900000	43.235
Chr01	42900001	43000000	39.889
Chr01	43000001	43100000	43.120
Chr01	43100001	43200000	44.678
Chr01	43200001	43300000	43.557
Chr01	43300001	43400000	41.955
Chr01	43400001	43500000	43.259
Chr01	43500001	43600000	44.641
Chr01	43600001	43700000	46.370
Chr01	43700001	43800000	43.084
Chr01	43800001	43900000	43.480
Chr01	43900001	43929697	50.685
Chr02	1	100000	42.303
Chr02	100001	200000	42.552
Chr02	200001	300000	44.335
Chr02	300001	400000	46.153
Chr02	400001	500000	43.061
Chr02	500001	600000	41.446
Chr02	600001	700000	46.288
Chr02	700001	800000	42.348
Chr02	800001	900000	43.449
Chr02	900001	1000000	40.961
Chr02	1000001	1100000	42.895
Chr02	1100001	1200000	42.028
Chr02	1200001	1300000	44.490
Chr02	1300001	1400000	41.433
Chr02	1400001	1500000	41.084
Chr02	1500001	1600000	40.809
Chr02	1600001	1700000	41.875
Chr02	1700001	1800000	42.290
Chr02	1800001	1900000	45.326
Chr02	1900001	2000000	46.401
Chr02	2000001	2100000	42.225
Chr02	2100001	2200000	41.256
Chr02	2200001	2300000	42.398
Chr02	2300001	2400000	42.825
Chr02	2400001	2500000	44.092
Chr02	2500001	2600000	44.905
Chr02	2600001	2700000	42.637
Chr02	2700001	2800000	41.892
Chr02	2800001	2900000	42.120
Chr02	2900001	3000000	43.893
Chr02	3000001	3100000	45.993
Chr02	3100001	3200000	42.842
Chr02	3200001	3300000	42.731
Chr02	3300001	3400000	41.236
Chr02	3400001	3500000	43.047
Chr02	3500001	3600000	40.227
Chr02	3600001	3700000	41.728
Chr02	3700001	3800000	40.393
Chr02	3800001	3900000	45.093
Chr02	3900001	4000000	44.606
Chr02	4000001	4100000	39.839
Chr02	4100001	4200000	41.876
Chr02	4200001	4300000	40.921
Chr02	4300001	4400000	40.187
Chr02	4400001	4500000	41.725
Chr02	4500001	4600000	38.711
Chr02	4600001	4700000	41.379
Chr02	4700001	4800000	42.201
Chr02	4800001	4900000	44.352
Chr02	4900001	5000000	45.353
Chr02	5000001	5100000	39.495
Chr02	5100001	5200000	42.531
Chr02	5200001	5300000	41.690
Chr02	5300001	5400000	40.454
Chr02	5400001	5500000	42.542
Chr02	5500001	5600000	41.996
Chr02	5600001	5700000	42.333
Chr02	5700001	5800000	41.801
Chr02	5800001	5900000	40.951
Chr02	5900001	6000000	42.207
Chr02	6000001	6100000	42.753
Chr02	6100001	6200000	42.502
Chr02	6200001	6300000	40.730
Chr02	6300001	6400000	40.613
Chr02	6400001	6500000	42.106
Chr02	6500001	6600000	42.182
Chr02	6600001	6700000	43.990
Chr02	6700001	6800000	39.875
Chr02	6800001	6900000	41.150
Chr02	6900001	7000000	43.983
Chr02	7000001	7100000	42.200
Chr02	7100001	7200000	39.793
Chr02	7200001	7300000	43.185
Chr02	7300001	7400000	40.239
Chr02	7400001	7500000	41.044
Chr02	7500001	7600000	40.927
Chr02	7600001	7700000	40.596
Chr02	7700001	7800000	42.930
Chr02	7800001	7900000	45.506
Chr02	7900001	8000000	43.449
Chr02	8000001	8100000	43.807
Chr02	8100001	8200000	41.510
Chr02	8200001	8300000	41.503
Chr02	8300001	8400000	40.425
Chr02	8400001	8500000	41.338
Chr02	8500001	8600000	42.572
Chr02	8600001	8700000	43.691
Chr02	8700001	8800000	39.650
Chr02	8800001	8900000	41.109
Chr02	8900001	9000000	39.789
Chr02	9000001	9100000	40.437
Chr02	9100001	9200000	40.691
Chr02	9200001	9300000	42.847
Chr02	9300001	9400000	48.557
Chr02	9400001	9500000	43.696
Chr02	9500001	9600000	43.063
Chr02	9600001	9700000	41.531
Chr02	9700001	9800000	43.276
Chr02	9800001	9900000	42.467
Chr02	9900001	10000000	41.564
Chr02	10000001	10100000	45.039
Chr02	10100001	10200000	42.167
Chr02	10200001	10300000	43.460
Chr02	10300001	10400000	41.807
Chr02	10400001	10500000	40.163
Chr02	10500001	10600000	42.089
Chr02	10600001	10700000	44.911
Chr02	10700001	10800000	45.627
Chr02	10800001	10900000	43.252
Chr02	10900001	11000000	42.411
Chr02	11000001	11100000	40.654
Chr02	11100001	11200000	45.290
Chr02	11200001	11300000	41.362
Chr02	11300001	11400000	43.899
Chr02	11400001	11500000	42.133
Chr02	11500001	11600000	40.627
Chr02	11600001	11700000	42.397
Chr02	11700001	11800000	42.475
Chr02	11800001	11900000	45.144
Chr02	11900001	12000000	46.373
Chr02	12000001	12100000	41.906
Chr02	12100001	12200000	42.905
Chr02	12200001	12300000	41.677
Chr02	12300001	12400000	41.201
Chr02	12400001	12500000	39.479
Chr02	12500001	12600000	46.561
Chr02	12600001	12700000	41.919
Chr02	12700001	12800000	41.011
Chr02	12800001	12900000	42.157
Chr02	12900001	13000000	42.319
Chr02	13000001	13100000	43.090
Chr02	13100001	13200000	42.876
Chr02	13200001	13300000	43.403
Chr02	13300001	13400000	41.418
Chr02	13400001	13500000	49.835
Chr02	13500001	13600000	43.315
Chr02	13600001	13700000	42.875
Chr02	13700001	13800000	41.132
Chr02	13800001	13900000	42.218
Chr02	13900001	14000000	42.381
Chr02	14000001	14100000	41.212
Chr02	14100001	14200000	41.891
Chr02	14200001	14300000	44.369
Chr02	14300001	14400000	41.200
Chr02	14400001	14500000	43.767
Chr02	14500001	14600000	43.388
Chr02	14600001	14700000	45.732
Chr02	14700001	14800000	42.950
Chr02	14800001	14900000	43.764
Chr02	14900001	15000000	41.077
Chr02	15000001	15100000	43.195
Chr02	15100001	15200000	40.971
Chr02	15200001	15300000	43.414
Chr02	15300001	15400000	44.002
Chr02	15400001	15500000	41.647
Chr02	15500001	15600000	46.085
Chr02	15600001	15700000	43.874
Chr02	15700001	15800000	44.875
Chr02	15800001	15900000	45.768
Chr02	15900001	16000000	42.303
Chr02	16000001	16100000	42.139
Chr02	16100001	16200000	43.131
Chr02	16200001	16300000	45.023
Chr02	16300001	16400000	40.804
Chr02	16400001	16500000	44.384
Chr02	16500001	16600000	43.003
Chr02	16600001	16700000	41.227
Chr02	16700001	16800000	43.025
Chr02	16800001	16900000	42.806
Chr02	16900001	17000000	42.548
Chr02	17000001	17100000	42.987
Chr02	17100001	17200000	47.298
Chr02	17200001	17300000	42.733
Chr02	17300001	17400000	45.586
Chr02	17400001	17500000	43.593
Chr02	17500001	17600000	41.063
Chr02	17600001	17700000	44.470
Chr02	17700001	17800000	41.819
Chr02	17800001	17900000	41.143
Chr02	17900001	18000000	43.340
Chr02	18000001	18100000	41.869
Chr02	18100001	18200000	42.665
Chr02	18200001	18300000	43.264
Chr02	18300001	18400000	45.276
Chr02	18400001	18500000	43.250
Chr02	18500001	18600000	43.142
Chr02	18600001	18700000	45.904
Chr02	18700001	18800000	41.466
Chr02	18800001	18900000	39.353
Chr02	18900001	19000000	42.793
Chr02	19000001	19100000	41.287
Chr02	19100001	19200000	41.879
Chr02	19200001	19300000	41.803
Chr02	19300001	19400000	42.695
Chr02	19400001	19500000	41.715
Chr02	19500001	19600000	40.986
Chr02	19600001	19700000	43.689
Chr02	19700001	19800000	41.431
Chr02	19800001	19900000	42.506
Chr02	19900001	20000000	43.924
Chr02	20000001	20100000	42.651
Chr02	20100001	20200000	40.863
Chr02	20200001	20300000	45.622
Chr02	20300001	20400000	40.759
Chr02	20400001	20500000	42.774
Chr02	20500001	20600000	41.311
Chr02	20600001	20700000	46.163
Chr02	20700001	20800000	41.661
Chr02	20800001	20900000	40.262
Chr02	20900001	21000000	46.149
Chr02	21000001	21100000	44.862
Chr02	21100001	21200000	42.893
Chr02	21200001	21300000	42.330
Chr02	21300001	21400000	42.498
Chr02	21400001	21500000	42.458
Chr02	21500001	21600000	40.960
Chr02	21600001	21700000	40.647
Chr02	21700001	21800000	45.807
Chr02	21800001	21900000	43.192
Chr02	21900001	22000000	43.174
Chr02	22000001	22100000	43.542
Chr02	22100001	22200000	45.679
Chr02	22200001	22300000	44.655
Chr02	22300001	22400000	41.208
Chr02	22400001	22500000	43.629
Chr02	22500001	22600000	43.016
Chr02	22600001	22700000	43.594
Chr02	22700001	22800000	42.395
Chr02	22800001	22900000	42.538
Chr02	22900001	23000000	40.638
Chr02	23000001	23100000	44.530
Chr02	23100001	23200000	43.299
Chr02	23200001	23300000	42.628
Chr02	23300001	23400000	43.279
Chr02	23400001	23500000	43.082
Chr02	23500001	23600000	44.887
Chr02	23600001	23700000	45.455
Chr02	23700001	23800000	47.290
Chr02	23800001	23900000	47.466
Chr02	23900001	24000000	43.990
Chr02	24000001	24100000	45.122
Chr02	24100001	24200000	46.102
Chr02	24200001	24300000	45.067
Chr02	24300001	24400000	42.490
Chr02	24400001	24500000	40.449
Chr02	24500001	24600000	43.287
Chr02	24600001	24700000	42.606
Chr02	24700001	24800000	45.834
Chr02	24800001	24900000	44.265
Chr02	24900001	25000000	44.177
Chr02	25000001	25100000	46.454
Chr02	25100001	25200000	43.660
Chr02	25200001	25300000	42.602
Chr02	25300001	25400000	43.385
Chr02	25400001	25500000	45.279
Chr02	25500001	25600000	47.108
Chr02	25600001	25700000	45.438
Chr02	25700001	25800000	43.493
Chr02	25800001	25900000	42.814
Chr02	25900001	26000000	43.001
Chr02	26000001	26100000	44.180
Chr02	26100001	26200000	44.450
Chr02	26200001	26300000	43.483
Chr02	26300001	26400000	44.600
Chr02	26400001	26500000	41.936
Chr02	26500001	26600000	45.221
Chr02	26600001	26700000	43.993
Chr02	26700001	26800000	45.847
Chr02	26800001	26900000	45.875
Chr02	26900001	27000000	43.713
Chr02	27000001	27100000	46.021
Chr02	27100001	27200000	43.392
Chr02	27200001	27300000	44.650
Chr02	27300001	27400000	45.573
Chr02	27400001	27500000	42.389
Chr02	27500001	27600000	45.643
Chr02	27600001	27700000	45.798
Chr02	27700001	27800000	45.374
Chr02	27800001	27900000	44.318
Chr02	27900001	28000000	42.377
Chr02	28000001	28100000	44.673
Chr02	28100001	28200000	44.171
Chr02	28200001	28300000	47.049
Chr02	28300001	28400000	44.536
Chr02	28400001	28500000	45.044
Chr02	28500001	28600000	46.720
Chr02	28600001	28700000	45.230
Chr02	28700001	28800000	43.900
Chr02	28800001	28900000	45.382
Chr02	28900001	29000000	46.353
Chr02	29000001	29100000	45.496
Chr02	29100001	29200000	43.475
Chr02	29200001	29300000	43.787
Chr02	29300001	29400000	45.090
Chr02	29400001	29500000	46.177
Chr02	29500001	29600000	42.526
Chr02	29600001	29700000	44.680
Chr02	29700001	29800000	42.901
Chr02	29800001	29900000	40.668
Chr02	29900001	30000000	44.737
Chr02	30000001	30100000	45.787
Chr02	30100001	30200000	44.595
Chr02	30200001	30300000	44.975
Chr02	30300001	30400000	45.433
Chr02	30400001	30500000	42.414
Chr02	30500001	30600000	41.882
Chr02	30600001	30700000	45.161
Chr02	30700001	30800000	46.747
Chr02	30800001	30900000	45.666
Chr02	30900001	31000000	44.445
Chr02	31000001	31100000	47.174
Chr02	31100001	31200000	45.820
Chr02	31200001	31300000	43.205
Chr02	31300001	31400000	44.816
Chr02	31400001	31500000	44.928
Chr02	31500001	31600000	41.188
Chr02	31600001	31700000	42.715
Chr02	31700001	31800000	44.669
Chr02	31800001	31900000	45.368
Chr02	31900001	32000000	44.680
Chr02	32000001	32100000	47.758
Chr02	32100001	32200000	44.499
Chr02	32200001	32300000	44.292
Chr02	32300001	32400000	52.236
Chr02	32400001	32500000	44.054
Chr02	32500001	32600000	44.858
Chr02	32600001	32700000	48.324
Chr02	32700001	32800000	47.552
Chr02	32800001	32900000	43.901
Chr02	32900001	33000000	44.383
Chr02	33000001	33100000	44.271
Chr02	33100001	33200000	44.109
Chr02	33200001	33300000	46.964
Chr02	33300001	33400000	44.155
Chr02	33400001	33500000	42.989
Chr02	33500001	33600000	41.708
Chr02	33600001	33700000	41.187
Chr02	33700001	33800000	43.449
Chr02	33800001	33900000	43.076
Chr02	33900001	34000000	43.891
Chr02	34000001	34100000	45.705
Chr02	34100001	34200000	42.346
Chr02	34200001	34300000	41.821
Chr02	34300001	34400000	41.904
Chr02	34400001	34500000	43.718
Chr02	34500001	34600000	41.613
Chr02	34600001	34700000	40.321
Chr02	34700001	34800000	42.640
Chr02	34800001	34900000	44.240
Chr02	34900001	35000000	43.658
Chr02	35000001	35100000	46.194
Chr02	35100001	35200000	41.022
Chr02	35200001	35300000	47.817
Chr02	35300001	35400000	41.371
Chr02	35400001	35500000	43.414
Chr02	35500001	35600000	41.418
Chr02	35600001	35700000	41.712
Chr02	35700001	35800000	43.917
Chr02	35800001	35900000	42.246
Chr02	35900001	36000000	44.439
Chr02	36000001	36100000	43.522
Chr02	36100001	36200000	43.750
Chr02	36200001	36300000	44.312
Chr02	36300001	36400000	44.310
Chr02	36400001	36447916	45.749
Chr03	1	100000	49.023
Chr03	100001	200000	40.455
Chr03	200001	300000	45.425
Chr03	300001	400000	44.065
Chr03	400001	500000	42.096
Chr03	500001	600000	42.626
Chr03	600001	700000	43.649
Chr03	700001	800000	43.384
Chr03	800001	900000	46.630
Chr03	900001	1000000	45.307
Chr03	1000001	1100000	43.058
Chr03	1100001	1200000	43.989
Chr03	1200001	1300000	42.799
Chr03	1300001	1400000	44.263
Chr03	1400001	1500000	44.764
Chr03	1500001	1600000	43.912
Chr03	1600001	1700000	41.094
Chr03	1700001	1800000	43.525
Chr03	1800001	1900000	46.528
Chr03	1900001	2000000	46.029
Chr03	2000001	2100000	44.675
Chr03	2100001	2200000	45.151
Chr03	2200001	2300000	46.681
Chr03	2300001	2400000	44.762
Chr03	2400001	2500000	46.002
Chr03	2500001	2600000	44.488
Chr03	2600001	2700000	43.579
Chr03	2700001	2800000	43.819
Chr03	2800001	2900000	44.506
Chr03	2900001	3000000	43.962
Chr03	3000001	3100000	46.089
Chr03	3100001	3200000	47.290
Chr03	3200001	3300000	42.015
Chr03	3300001	3400000	47.067
Chr03	3400001	3500000	42.744
Chr03	3500001	3600000	45.651
Chr03	3600001	3700000	44.357
Chr03	3700001	3800000	43.174
Chr03	3800001	3900000	42.726
Chr03	3900001	4000000	46.470
Chr03	4000001	4100000	44.945
Chr03	4100001	4200000	44.290
Chr03	4200001	4300000	44.679
Chr03	4300001	4400000	39.919
Chr03	4400001	4500000	43.521
Chr03	4500001	4600000	42.264
Chr03	4600001	4700000	43.098
Chr03	4700001	4800000	44.510
Chr03	4800001	4900000	42.745
Chr03	4900001	5000000	40.681
Chr03	5000001	5100000	43.086
Chr03	5100001	5200000	44.205
Chr03	5200001	5300000	44.881
Chr03	5300001	5400000	44.290
Chr03	5400001	5500000	42.413
Chr03	5500001	5600000	44.343
Chr03	5600001	5700000	44.084
Chr03	5700001	5800000	40.628
Chr03	5800001	5900000	42.374
Chr03	5900001	6000000	42.605
Chr03	6000001	6100000	41.953
Chr03	6100001	6200000	43.049
Chr03	6200001	6300000	45.220
Chr03	6300001	6400000	43.868
Chr03	6400001	6500000	47.103
Chr03	6500001	6600000	43.745
Chr03	6600001	6700000	44.800
Chr03	6700001	6800000	43.336
Chr03	6800001	6900000	42.958
Chr03	6900001	7000000	43.050
Chr03	7000001	7100000	43.975
Chr03	7100001	7200000	44.822
Chr03	7200001	7300000	45.321
Chr03	7300001	7400000	44.304
Chr03	7400001	7500000	43.611
Chr03	7500001	7600000	46.519
Chr03	7600001	7700000	46.149
Chr03	7700001	7800000	46.010
Chr03	7800001	7900000	44.312
Chr03	7900001	8000000	43.073
Chr03	8000001	8100000	43.799
Chr03	8100001	8200000	44.758
Chr03	8200001	8300000	44.682
Chr03	8300001	8400000	46.559
Chr03	8400001	8500000	46.809
Chr03	8500001	8600000	47.297
Chr03	8600001	8700000	44.713
Chr03	8700001	8800000	43.989
Chr03	8800001	8900000	42.998
Chr03	8900001	9000000	44.688
Chr03	9000001	9100000	49.896
Chr03	9100001	9200000	48.221
Chr03	9200001	9300000	43.732
Chr03	9300001	9400000	45.445
Chr03	9400001	9500000	44.308
Chr03	9500001	9600000	42.181
Chr03	9600001	9700000	44.972
Chr03	9700001	9800000	44.013
Chr03	9800001	9900000	44.706
Chr03	9900001	10000000	44.785
Chr03	10000001	10100000	42.603
Chr03	10100001	10200000	42.915
Chr03	10200001	10300000	44.411
Chr03	10300001	10400000	41.692
Chr03	10400001	10500000	44.258
Chr03	10500001	10600000	44.011
Chr03	10600001	10700000	46.134
Chr03	10700001	10800000	46.306
Chr03	10800001	10900000	43.791
Chr03	10900001	11000000	43.307
Chr03	11000001	11100000	43.863
Chr03	11100001	11200000	44.086
Chr03	11200001	11300000	43.511
Chr03	11300001	11400000	43.279
Chr03	11400001	11500000	44.701
Chr03	11500001	11600000	42.673
Chr03	11600001	11700000	42.280
Chr03	11700001	11800000	43.082
Chr03	11800001	11900000	44.018
Chr03	11900001	12000000	43.716
Chr03	12000001	12100000	44.130
Chr03	12100001	12200000	44.733
Chr03	12200001	12300000	42.932
Chr03	12300001	12400000	42.641
Chr03	12400001	12500000	43.832
Chr03	12500001	12600000	43.969
Chr03	12600001	12700000	42.524
Chr03	12700001	12800000	42.741
Chr03	12800001	12900000	43.944
Chr03	12900001	13000000	42.443
Chr03	13000001	13100000	40.433
Chr03	13100001	13200000	41.438
Chr03	13200001	13300000	44.170
Chr03	13300001	13400000	42.828
Chr03	13400001	13500000	49.367
Chr03	13500001	13600000	49.992
Chr03	13600001	13700000	50.704
Chr03	13700001	13800000	49.960
Chr03	13800001	13900000	48.410
Chr03	13900001	14000000	45.847
Chr03	14000001	14100000	42.377
Chr03	14100001	14200000	43.901
Chr03	14200001	14300000	44.729
Chr03	14300001	14400000	43.563
Chr03	14400001	14500000	44.471
Chr03	14500001	14600000	42.131
Chr03	14600001	14700000	39.249
Chr03	14700001	14800000	43.225
Chr03	14800001	14900000	43.054
Chr03	14900001	15000000	41.883
Chr03	15000001	15100000	43.374
Chr03	15100001	15200000	42.526
Chr03	15200001	15300000	41.342
Chr03	15300001	15400000	41.803
Chr03	15400001	15500000	44.754
Chr03	15500001	15600000	44.446
Chr03	15600001	15700000	43.982
Chr03	15700001	15800000	39.186
Chr03	15800001	15900000	44.019
Chr03	15900001	16000000	40.902
Chr03	16000001	16100000	41.836
Chr03	16100001	16200000	41.492
Chr03	16200001	16300000	40.408
Chr03	16300001	16400000	42.842
Chr03	16400001	16500000	41.771
Chr03	16500001	16600000	43.963
Chr03	16600001	16700000	41.091
Chr03	16700001	16800000	42.319
Chr03	16800001	16900000	41.558
Chr03	16900001	17000000	45.826
Chr03	17000001	17100000	40.073
Chr03	17100001	17200000	41.464
Chr03	17200001	17300000	41.949
Chr03	17300001	17400000	41.690
Chr03	17400001	17500000	44.136
Chr03	17500001	17600000	42.682
Chr03	17600001	17700000	43.028
Chr03	17700001	17800000	44.499
Chr03	17800001	17900000	42.293
Chr03	17900001	18000000	46.230
Chr03	18000001	18100000	44.170
Chr03	18100001	18200000	43.999
Chr03	18200001	18300000	42.034
Chr03	18300001	18400000	40.742
Chr03	18400001	18500000	41.240
Chr03	18500001	18600000	43.402
Chr03	18600001	18700000	43.978
Chr03	18700001	18800000	44.215
Chr03	18800001	18900000	44.068
Chr03	18900001	19000000	43.776
Chr03	19000001	19100000	44.107
Chr03	19100001	19200000	43.612
Chr03	19200001	19300000	47.520
Chr03	19300001	19400000	46.880
Chr03	19400001	19500000	47.724
Chr03	19500001	19600000	45.729
Chr03	19600001	19700000	42.109
Chr03	19700001	19800000	46.033
Chr03	19800001	19900000	46.520
Chr03	19900001	20000000	44.937
Chr03	20000001	20100000	42.105
Chr03	20100001	20200000	42.860
Chr03	20200001	20300000	42.657
Chr03	20300001	20400000	42.225
Chr03	20400001	20500000	43.614
Chr03	20500001	20600000	45.753
Chr03	20600001	20700000	45.171
Chr03	20700001	20800000	42.850
Chr03	20800001	20900000	44.817
Chr03	20900001	21000000	44.487
Chr03	21000001	21100000	44.624
Chr03	21100001	21200000	44.646
Chr03	21200001	21300000	41.099
Chr03	21300001	21400000	46.178
Chr03	21400001	21500000	43.183
Chr03	21500001	21600000	44.191
Chr03	21600001	21700000	42.165
Chr03	21700001	21800000	43.579
Chr03	21800001	21900000	39.696
Chr03	21900001	22000000	42.529
Chr03	22000001	22100000	41.991
Chr03	22100001	22200000	44.825
Chr03	22200001	22300000	44.865
Chr03	22300001	22400000	44.266
Chr03	22400001	22500000	44.649
Chr03	22500001	22600000	43.108
Chr03	22600001	22700000	46.648
Chr03	22700001	22800000	44.847
Chr03	22800001	22900000	46.245
Chr03	22900001	23000000	45.244
Chr03	23000001	23100000	45.819
Chr03	23100001	23200000	40.568
Chr03	23200001	23300000	42.218
Chr03	23300001	23400000	41.250
Chr03	23400001	23500000	41.632
Chr03	23500001	23600000	44.833
Chr03	23600001	23700000	44.433
Chr03	23700001	23800000	41.291
Chr03	23800001	23900000	41.156
Chr03	23900001	24000000	42.700
Chr03	24000001	24100000	45.094
Chr03	24100001	24200000	45.157
Chr03	24200001	24300000	40.214
Chr03	24300001	24400000	43.739
Chr03	24400001	24500000	41.561
Chr03	24500001	24600000	42.338
Chr03	24600001	24700000	42.039
Chr03	24700001	24800000	39.413
Chr03	24800001	24900000	40.026
Chr03	24900001	25000000	44.381
Chr03	25000001	25100000	42.313
Chr03	25100001	25200000	41.984
Chr03	25200001	25300000	41.113
Chr03	25300001	25400000	40.217
Chr03	25400001	25500000	40.384
Chr03	25500001	25600000	41.510
Chr03	25600001	25700000	44.838
Chr03	25700001	25800000	43.156
Chr03	25800001	25900000	46.682
Chr03	25900001	26000000	41.267
Chr03	26000001	26100000	41.651
Chr03	26100001	26200000	43.092
Chr03	26200001	26300000	43.695
Chr03	26300001	26400000	42.005
Chr03	26400001	26500000	44.640
Chr03	26500001	26600000	43.457
Chr03	26600001	26700000	41.827
Chr03	26700001	26800000	43.891
Chr03	26800001	26900000	42.995
Chr03	26900001	27000000	45.583
Chr03	27000001	27100000	42.976
Chr03	27100001	27200000	41.821
Chr03	27200001	27300000	42.531
Chr03	27300001	27400000	43.299
Chr03	27400001	27500000	44.298
Chr03	27500001	27600000	42.432
Chr03	27600001	27700000	44.380
Chr03	27700001	27800000	40.881
Chr03	27800001	27900000	43.783
Chr03	27900001	28000000	41.321
Chr03	28000001	28100000	42.982
Chr03	28100001	28200000	41.597
Chr03	28200001	28300000	41.648
Chr03	28300001	28400000	42.718
Chr03	28400001	28500000	41.476
Chr03	28500001	28600000	42.828
Chr03	28600001	28700000	43.385
Chr03	28700001	28800000	43.310
Chr03	28800001	28900000	45.461
Chr03	28900001	29000000	43.751
Chr03	29000001	29100000	44.143
Chr03	29100001	29200000	42.253
Chr03	29200001	29300000	42.809
Chr03	29300001	29400000	42.748
Chr03	29400001	29500000	42.665
Chr03	29500001	29600000	42.829
Chr03	29600001	29700000	42.355
Chr03	29700001	29800000	42.041
Chr03	29800001	29900000	42.712
Chr03	29900001	30000000	41.086
Chr03	30000001	30100000	41.663
Chr03	30100001	30200000	42.665
Chr03	30200001	30300000	46.680
Chr03	30300001	30400000	41.786
Chr03	30400001	30500000	42.201
Chr03	30500001	30600000	46.001
Chr03	30600001	30700000	41.908
Chr03	30700001	30800000	42.301
Chr03	30800001	30900000	45.751
Chr03	30900001	31000000	43.762
Chr03	31000001	31100000	46.392
Chr03	31100001	31200000	43.953
Chr03	31200001	31300000	44.960
Chr03	31300001	31400000	42.784
Chr03	31400001	31500000	43.099
Chr03	31500001	31600000	44.974
Chr03	31600001	31700000	42.968
Chr03	31700001	31800000	45.781
Chr03	31800001	31900000	44.326
Chr03	31900001	32000000	42.613
Chr03	32000001	32100000	49.658
Chr03	32100001	32200000	42.200
Chr03	32200001	32300000	46.231
Chr03	32300001	32400000	42.560
Chr03	32400001	32500000	44.255
Chr03	32500001	32600000	44.295
Chr03	32600001	32700000	44.609
Chr03	32700001	32800000	44.228
Chr03	32800001	32900000	43.072
Chr03	32900001	33000000	43.303
Chr03	33000001	33100000	42.684
Chr03	33100001	33200000	45.098
Chr03	33200001	33300000	43.612
Chr03	33300001	33400000	45.478
Chr03	33400001	33500000	43.997
Chr03	33500001	33600000	41.881
Chr03	33600001	33700000	42.999
Chr03	33700001	33800000	46.397
Chr03	33800001	33900000	43.417
Chr03	33900001	34000000	44.008
Chr03	34000001	34100000	42.828
Chr03	34100001	34200000	42.384
Chr03	34200001	34300000	43.556
Chr03	34300001	34400000	43.246
Chr03	34400001	34500000	43.302
Chr03	34500001	34600000	41.911
Chr03	34600001	34700000	43.892
Chr03	34700001	34800000	45.638
Chr03	34800001	34900000	45.057
Chr03	34900001	35000000	41.475
Chr03	35000001	35100000	42.339
Chr03	35100001	35200000	44.710
Chr03	35200001	35300000	43.793
Chr03	35300001	35400000	44.976
Chr03	35400001	35500000	43.533
Chr03	35500001	35600000	43.308
Chr03	35600001	35700000	42.368
Chr03	35700001	35800000	43.475
Chr03	35800001	35900000	45.075
Chr03	35900001	36000000	41.192
Chr03	36000001	36100000	42.811
Chr03	36100001	36200000	43.756
Chr03	36200001	36300000	42.726
Chr03	36300001	36400000	44.485
Chr03	36400001	36500000	42.868
Chr03	36500001	36600000	43.569
Chr03	36600001	36700000	42.981
Chr03	36700001	36800000	42.419
Chr03	36800001	36900000	43.040
Chr03	36900001	37000000	46.173
Chr03	37000001	37100000	44.695
Chr03	37100001	37200000	43.133
Chr03	37200001	37300000	44.699
Chr03	37300001	37399924	42.890
Chr04	1	100000	46.746
Chr04	100001	200000	41.542
Chr04	200001	300000	41.004
Chr04	300001	400000	41.160
Chr04	400001	500000	45.851
Chr04	500001	600000	43.591
Chr04	600001	700000	42.264
Chr04	700001	800000	43.234
Chr04	800001	900000	46.966
Chr04	900001	1000000	44.417
Chr04	1000001	1100000	43.180
Chr04	1100001	1200000	49.987
Chr04	1200001	1300000	42.769
Chr04	1300001	1400000	41.595
Chr04	1400001	1500000	43.914
Chr04	1500001	1600000	46.998
Chr04	1600001	1700000	45.012
Chr04	1700001	1800000	44.466
Chr04	1800001	1900000	42.993
Chr04	1900001	2000000	42.329
Chr04	2000001	2100000	47.056
Chr04	2100001	2200000	42.403
Chr04	2200001	2300000	47.285
Chr04	2300001	2400000	44.456
Chr04	2400001	2500000	45.891
Chr04	2500001	2600000	40.889
Chr04	2600001	2700000	46.720
Chr04	2700001	2800000	45.423
Chr04	2800001	2900000	46.430
Chr04	2900001	3000000	43.674
Chr04	3000001	3100000	44.363
Chr04	3100001	3200000	45.852
Chr04	3200001	3300000	43.764
Chr04	3300001	3400000	44.118
Chr04	3400001	3500000	48.801
Chr04	3500001	3600000	45.798
Chr04	3600001	3700000	42.547
Chr04	3700001	3800000	46.538
Chr04	3800001	3900000	47.402
Chr04	3900001	4000000	44.601
Chr04	4000001	4100000	47.379
Chr04	4100001	4200000	47.228
Chr04	4200001	4300000	45.985
Chr04	4300001	4400000	41.619
Chr04	4400001	4500000	45.128
Chr04	4500001	4600000	39.776
Chr04	4600001	4700000	43.531
Chr04	4700001	4800000	44.118
Chr04	4800001	4900000	42.670
Chr04	4900001	5000000	42.389
Chr04	5000001	5100000	44.754
Chr04	5100001	5200000	41.330
Chr04	5200001	5300000	40.775
Chr04	5300001	5400000	43.466
Chr04	5400001	5500000	44.881
Chr04	5500001	5600000	42.833
Chr04	5600001	5700000	46.746
Chr04	5700001	5800000	40.663
Chr04	5800001	5900000	44.246
Chr04	5900001	6000000	44.039
Chr04	6000001	6100000	40.225
Chr04	6100001	6200000	46.435
Chr04	6200001	6300000	48.785
Chr04	6300001	6400000	42.474
Chr04	6400001	6500000	43.284
Chr04	6500001	6600000	43.275
Chr04	6600001	6700000	46.098
Chr04	6700001	6800000	45.156
Chr04	6800001	6900000	46.683
Chr04	6900001	7000000	43.425
Chr04	7000001	7100000	42.463
Chr04	7100001	7200000	46.439
Chr04	7200001	7300000	45.266
Chr04	7300001	7400000	42.934
Chr04	7400001	7500000	43.286
Chr04	7500001	7600000	49.636
Chr04	7600001	7700000	42.340
Chr04	7700001	7800000	47.041
Chr04	7800001	7900000	50.461
Chr04	7900001	8000000	44.766
Chr04	8000001	8100000	41.660
Chr04	8100001	8200000	43.468
Chr04	8200001	8300000	45.932
Chr04	8300001	8400000	41.811
Chr04	8400001	8500000	44.458
Chr04	8500001	8600000	46.228
Chr04	8600001	8700000	42.979
Chr04	8700001	8800000	44.549
Chr04	8800001	8900000	46.525
Chr04	8900001	9000000	45.190
Chr04	9000001	9100000	45.734
Chr04	9100001	9200000	46.911
Chr04	9200001	9300000	41.701
Chr04	9300001	9400000	43.295
Chr04	9400001	9500000	44.004
Chr04	9500001	9600000	42.000
Chr04	9600001	9700000	47.207
Chr04	9700001	9800000	45.599
Chr04	9800001	9900000	43.886
Chr04	9900001	10000000	45.623
Chr04	10000001	10100000	42.201
Chr04	10100001	10200000	42.166
Chr04	10200001	10300000	46.503
Chr04	10300001	10400000	49.391
Chr04	10400001	10500000	43.832
Chr04	10500001	10600000	43.064
Chr04	10600001	10700000	46.845
Chr04	10700001	10800000	46.088
Chr04	10800001	10900000	43.180
Chr04	10900001	11000000	44.726
Chr04	11000001	11100000	47.980
Chr04	11100001	11200000	44.456
Chr04	11200001	11300000	51.662
Chr04	11300001	11400000	46.055
Chr04	11400001	11500000	45.365
Chr04	11500001	11600000	40.247
Chr04	11600001	11700000	46.382
Chr04	11700001	11800000	42.114
Chr04	11800001	11900000	39.650
Chr04	11900001	12000000	47.648
Chr04	12000001	12100000	47.127
Chr04	12100001	12200000	43.572
Chr04	12200001	12300000	48.232
Chr04	12300001	12400000	44.019
Chr04	12400001	12500000	45.555
Chr04	12500001	12600000	43.006
Chr04	12600001	12700000	44.759
Chr04	12700001	12800000	43.536
Chr04	12800001	12900000	42.635
Chr04	12900001	13000000	43.206
Chr04	13000001	13100000	46.089
Chr04	13100001	13200000	43.268
Chr04	13200001	13300000	43.365
Chr04	13300001	13400000	43.332
Chr04	13400001	13500000	42.856
Chr04	13500001	13600000	42.260
Chr04	13600001	13700000	43.227
Chr04	13700001	13800000	41.855
Chr04	13800001	13900000	46.053
Chr04	13900001	14000000	45.771
Chr04	14000001	14100000	43.241
Chr04	14100001	14200000	41.787
Chr04	14200001	14300000	42.884
Chr04	14300001	14400000	46.641
Chr04	14400001	14500000	41.994
Chr04	14500001	14600000	40.667
Chr04	14600001	14700000	50.232
Chr04	14700001	14800000	41.080
Chr04	14800001	14900000	42.559
Chr04	14900001	15000000	41.718
Chr04	15000001	15100000	45.760
Chr04	15100001	15200000	41.306
Chr04	15200001	15300000	40.581
Chr04	15300001	15400000	43.850
Chr04	15400001	15500000	44.034
Chr04	15500001	15600000	41.977
Chr04	15600001	15700000	42.527
Chr04	15700001	15800000	44.661
Chr04	15800001	15900000	44.077
Chr04	15900001	16000000	43.595
Chr04	16000001	16100000	43.565
Chr04	16100001	16200000	41.117
Chr04	16200001	16300000	41.465
Chr04	16300001	16400000	43.833
Chr04	16400001	16500000	45.084
Chr04	16500001	16600000	41.780
Chr04	16600001	16700000	47.172
Chr04	16700001	16800000	40.906
Chr04	16800001	16900000	44.680
Chr04	16900001	17000000	38.812
Chr04	17000001	17100000	41.829
Chr04	17100001	17200000	40.719
Chr04	17200001	17300000	40.778
Chr04	17300001	17400000	42.307
Chr04	17400001	17500000	44.622
Chr04	17500001	17600000	42.743
Chr04	17600001	17700000	46.779
Chr04	17700001	17800000	43.079
Chr04	17800001	17900000	45.005
Chr04	17900001	18000000	43.360
Chr04	18000001	18100000	43.499
Chr04	18100001	18200000	42.437
Chr04	18200001	18300000	41.925
Chr04	18300001	18400000	42.566
Chr04	18400001	18500000	40.914
Chr04	18500001	18600000	40.597
Chr04	18600001	18700000	41.158
Chr04	18700001	18800000	39.986
Chr04	18800001	18900000	41.872
Chr04	18900001	19000000	38.904
Chr04	19000001	19100000	41.580
Chr04	19100001	19200000	44.167
Chr04	19200001	19300000	43.444
Chr04	19300001	19400000	40.586
Chr04	19400001	19500000	45.845
Chr04	19500001	19600000	42.882
Chr04	19600001	19700000	43.205
Chr04	19700001	19800000	42.000
Chr04	19800001	19900000	38.125
Chr04	19900001	20000000	40.824
Chr04	20000001	20100000	40.798
Chr04	20100001	20200000	42.894
Chr04	20200001	20300000	40.838
Chr04	20300001	20400000	42.790
Chr04	20400001	20500000	45.786
Chr04	20500001	20600000	43.395
Chr04	20600001	20700000	43.943
Chr04	20700001	20800000	44.492
Chr04	20800001	20900000	42.285
Chr04	20900001	21000000	44.105
Chr04	21000001	21100000	42.291
Chr04	21100001	21200000	43.498
Chr04	21200001	21300000	42.681
Chr04	21300001	21400000	45.019
Chr04	21400001	21500000	42.507
Chr04	21500001	21600000	43.171
Chr04	21600001	21700000	44.930
Chr04	21700001	21800000	43.622
Chr04	21800001	21900000	45.103
Chr04	21900001	22000000	44.810
Chr04	22000001	22100000	41.060
Chr04	22100001	22200000	42.580
Chr04	22200001	22300000	43.242
Chr04	22300001	22400000	44.367
Chr04	22400001	22500000	41.753
Chr04	22500001	22600000	41.793
Chr04	22600001	22700000	45.185
Chr04	22700001	22800000	42.248
Chr04	22800001	22900000	45.959
Chr04	22900001	23000000	47.382
Chr04	23000001	23100000	44.352
Chr04	23100001	23200000	48.568
Chr04	23200001	23300000	48.410
Chr04	23300001	23400000	44.302
Chr04	23400001	23500000	45.611
Chr04	23500001	23600000	43.141
Chr04	23600001	23700000	45.088
Chr04	23700001	23800000	41.676
Chr04	23800001	23900000	43.155
Chr04	23900001	24000000	45.593
Chr04	24000001	24100000	45.375
Chr04	24100001	24200000	48.786
Chr04	24200001	24300000	43.569
Chr04	24300001	24400000	46.847
Chr04	24400001	24500000	44.528
Chr04	24500001	24600000	47.692
Chr04	24600001	24700000	43.675
Chr04	24700001	24800000	43.074
Chr04	24800001	24900000	44.843
Chr04	24900001	25000000	44.004
Chr04	25000001	25100000	42.466
Chr04	25100001	25200000	43.635
Chr04	25200001	25300000	46.101
Chr04	25300001	25400000	45.827
Chr04	25400001	25500000	44.336
Chr04	25500001	25600000	43.196
Chr04	25600001	25700000	43.830
Chr04	25700001	25800000	44.783
Chr04	25800001	25900000	44.722
Chr04	25900001	26000000	42.233
Chr04	26000001	26100000	46.500
Chr04	26100001	26200000	43.471
Chr04	26200001	26300000	44.613
Chr04	26300001	26400000	44.191
Chr04	26400001	26500000	44.825
Chr04	26500001	26600000	46.173
Chr04	26600001	26700000	43.848
Chr04	26700001	26800000	46.185
Chr04	26800001	26900000	46.051
Chr04	26900001	27000000	41.718
Chr04	27000001	27100000	43.787
Chr04	27100001	27200000	47.701
Chr04	27200001	27300000	44.887
Chr04	27300001	27400000	50.738
Chr04	27400001	27500000	46.838
Chr04	27500001	27600000	44.758
Chr04	27600001	27700000	43.758
Chr04	27700001	27800000	43.721
Chr04	27800001	27900000	46.598
Chr04	27900001	28000000	44.965
Chr04	28000001	28100000	45.288
Chr04	28100001	28200000	45.008
Chr04	28200001	28300000	44.171
Chr04	28300001	28400000	42.412
Chr04	28400001	28500000	48.118
Chr04	28500001	28600000	46.050
Chr04	28600001	28700000	45.919
Chr04	28700001	28800000	42.488
Chr04	28800001	28900000	46.778
Chr04	28900001	29000000	41.350
Chr04	29000001	29100000	45.047
Chr04	29100001	29200000	48.548
Chr04	29200001	29300000	44.742
Chr04	29300001	29400000	45.028
Chr04	29400001	29500000	47.740
Chr04	29500001	29600000	43.909
Chr04	29600001	29700000	44.194
Chr04	29700001	29800000	46.478
Chr04	29800001	29900000	42.083
Chr04	29900001	30000000	44.212
Chr04	30000001	30100000	44.886
Chr04	30100001	30200000	47.206
Chr04	30200001	30300000	46.116
Chr04	30300001	30400000	44.091
Chr04	30400001	30500000	50.646
Chr04	30500001	30600000	44.226
Chr04	30600001	30700000	45.069
Chr04	30700001	30800000	43.118
Chr04	30800001	30900000	49.941
Chr04	30900001	31000000	43.374
Chr04	31000001	31100000	43.647
Chr04	31100001	31200000	45.637
Chr04	31200001	31300000	42.240
Chr04	31300001	31400000	43.946
Chr04	31400001	31500000	42.362
Chr04	31500001	31600000	43.190
Chr04	31600001	31700000	40.936
Chr04	31700001	31800000	43.342
Chr04	31800001	31900000	40.805
Chr04	31900001	32000000	43.359
Chr04	32000001	32100000	41.962
Chr04	32100001	32200000	44.778
Chr04	32200001	32300000	44.469
Chr04	32300001	32400000	44.210
Chr04	32400001	32500000	44.430
Chr04	32500001	32600000	43.909
Chr04	32600001	32700000	48.861
Chr04	32700001	32800000	46.338
Chr04	32800001	32900000	45.698
Chr04	32900001	33000000	48.264
Chr04	33000001	33100000	48.269
Chr04	33100001	33200000	43.912
Chr04	33200001	33300000	44.377
Chr04	33300001	33400000	43.810
Chr04	33400001	33500000	45.371
Chr04	33500001	33600000	47.085
Chr04	33600001	33700000	45.127
Chr04	33700001	33800000	48.202
Chr04	33800001	33900000	44.664
Chr04	33900001	34000000	44.050
Chr04	34000001	34100000	43.852
Chr04	34100001	34200000	42.232
Chr04	34200001	34300000	42.324
Chr04	34300001	34400000	42.708
Chr04	34400001	34500000	45.875
Chr04	34500001	34600000	44.299
Chr04	34600001	34700000	44.319
Chr04	34700001	34800000	45.863
Chr04	34800001	34900000	42.614
Chr04	34900001	35000000	44.599
Chr04	35000001	35100000	42.544
Chr04	35100001	35200000	45.014
Chr04	35200001	35300000	43.346
Chr04	35300001	35400000	42.214
Chr04	35400001	35500000	43.700
Chr04	35500001	35600000	44.221
Chr04	35600001	35700000	45.519
Chr04	35700001	35800000	50.142
Chr04	35800001	35900000	43.969
Chr04	35900001	36000000	43.096
Chr04	36000001	36078568	43.448
Chr05	1	100000	45.405
Chr05	100001	200000	41.663
Chr05	200001	300000	45.198
Chr05	300001	400000	41.576
Chr05	400001	500000	43.910
Chr05	500001	600000	40.553
Chr05	600001	700000	42.778
Chr05	700001	800000	44.752
Chr05	800001	900000	41.535
Chr05	900001	1000000	42.789
Chr05	1000001	1100000	44.082
Chr05	1100001	1200000	43.251
Chr05	1200001	1300000	39.388
Chr05	1300001	1400000	43.753
Chr05	1400001	1500000	41.948
Chr05	1500001	1600000	45.210
Chr05	1600001	1700000	47.413
Chr05	1700001	1800000	41.676
Chr05	1800001	1900000	46.089
Chr05	1900001	2000000	43.885
Chr05	2000001	2100000	42.900
Chr05	2100001	2200000	40.888
Chr05	2200001	2300000	44.753
Chr05	2300001	2400000	40.766
Chr05	2400001	2500000	42.655
Chr05	2500001	2600000	40.512
Chr05	2600001	2700000	41.146
Chr05	2700001	2800000	43.187
Chr05	2800001	2900000	42.711
Chr05	2900001	3000000	44.821
Chr05	3000001	3100000	44.175
Chr05	3100001	3200000	38.668
Chr05	3200001	3300000	39.945
Chr05	3300001	3400000	40.381
Chr05	3400001	3500000	40.492
Chr05	3500001	3600000	41.787
Chr05	3600001	3700000	45.189
Chr05	3700001	3800000	41.629
Chr05	3800001	3900000	41.923
Chr05	3900001	4000000	51.591
Chr05	4000001	4100000	48.044
Chr05	4100001	4200000	42.496
Chr05	4200001	4300000	42.619
Chr05	4300001	4400000	44.301
Chr05	4400001	4500000	45.472
Chr05	4500001	4600000	44.734
Chr05	4600001	4700000	42.413
Chr05	4700001	4800000	39.956
Chr05	4800001	4900000	40.361
Chr05	4900001	5000000	42.566
Chr05	5000001	5100000	49.140
Chr05	5100001	5200000	42.317
Chr05	5200001	5300000	41.252
Chr05	5300001	5400000	41.232
Chr05	5400001	5500000	41.843
Chr05	5500001	5600000	45.678
Chr05	5600001	5700000	42.920
Chr05	5700001	5800000	45.764
Chr05	5800001	5900000	40.479
Chr05	5900001	6000000	41.778
Chr05	6000001	6100000	44.698
Chr05	6100001	6200000	42.120
Chr05	6200001	6300000	42.248
Chr05	6300001	6400000	41.857
Chr05	6400001	6500000	40.243
Chr05	6500001	6600000	40.288
Chr05	6600001	6700000	40.855
Chr05	6700001	6800000	40.027
Chr05	6800001	6900000	41.224
Chr05	6900001	7000000	41.696
Chr05	7000001	7100000	40.411
Chr05	7100001	7200000	42.629
Chr05	7200001	7300000	43.083
Chr05	7300001	7400000	40.851
Chr05	7400001	7500000	42.089
Chr05	7500001	7600000	44.503
Chr05	7600001	7700000	45.241
Chr05	7700001	7800000	43.202
Chr05	7800001	7900000	40.007
Chr05	7900001	8000000	41.663
Chr05	8000001	8100000	43.122
Chr05	8100001	8200000	43.129
Chr05	8200001	8300000	41.181
Chr05	8300001	8400000	42.646
Chr05	8400001	8500000	43.631
Chr05	8500001	8600000	43.453
Chr05	8600001	8700000	42.742
Chr05	8700001	8800000	46.453
Chr05	8800001	8900000	43.980
Chr05	8900001	9000000	44.570
Chr05	9000001	9100000	42.304
Chr05	9100001	9200000	44.491
Chr05	9200001	9300000	42.860
Chr05	9300001	9400000	45.003
Chr05	9400001	9500000	45.648
Chr05	9500001	9600000	44.202
Chr05	9600001	9700000	45.445
Chr05	9700001	9800000	46.069
Chr05	9800001	9900000	47.468
Chr05	9900001	10000000	50.509
Chr05	10000001	10100000	49.114
Chr05	10100001	10200000	44.825
Chr05	10200001	10300000	47.650
Chr05	10300001	10400000	45.771
Chr05	10400001	10500000	47.016
Chr05	10500001	10600000	44.820
Chr05	10600001	10700000	45.240
Chr05	10700001	10800000	46.960
Chr05	10800001	10900000	43.362
Chr05	10900001	11000000	43.068
Chr05	11000001	11100000	45.209
Chr05	11100001	11200000	50.191
Chr05	11200001	11300000	43.902
Chr05	11300001	11400000	46.289
Chr05	11400001	11500000	44.932
Chr05	11500001	11600000	48.980
Chr05	11600001	11700000	47.635
Chr05	11700001	11800000	43.124
Chr05	11800001	11900000	48.615
Chr05	11900001	12000000	46.545
Chr05	12000001	12100000	48.635
Chr05	12100001	12200000	44.851
Chr05	12200001	12300000	45.328
Chr05	12300001	12400000	42.113
Chr05	12400001	12500000	49.846
Chr05	12500001	12600000	42.537
Chr05	12600001	12700000	43.661
Chr05	12700001	12800000	42.222
Chr05	12800001	12900000	46.755
Chr05	12900001	13000000	45.064
Chr05	13000001	13100000	42.693
Chr05	13100001	13200000	41.945
Chr05	13200001	13300000	50.161
Chr05	13300001	13400000	45.996
Chr05	13400001	13500000	45.036
Chr05	13500001	13600000	41.507
Chr05	13600001	13700000	41.840
Chr05	13700001	13800000	41.994
Chr05	13800001	13900000	41.328
Chr05	13900001	14000000	43.136
Chr05	14000001	14100000	41.649
Chr05	14100001	14200000	46.429
Chr05	14200001	14300000	42.655
Chr05	14300001	14400000	43.147
Chr05	14400001	14500000	45.615
Chr05	14500001	14600000	42.580
Chr05	14600001	14700000	43.386
Chr05	14700001	14800000	43.322
Chr05	14800001	14900000	42.620
Chr05	14900001	15000000	44.605
Chr05	15000001	15100000	44.194
Chr05	15100001	15200000	45.427
Chr05	15200001	15300000	43.230
Chr05	15300001	15400000	46.793
Chr05	15400001	15500000	45.340
Chr05	15500001	15600000	49.352
Chr05	15600001	15700000	43.229
Chr05	15700001	15800000	42.360
Chr05	15800001	15900000	42.714
Chr05	15900001	16000000	44.125
Chr05	16000001	16100000	45.800
Chr05	16100001	16200000	42.429
Chr05	16200001	16300000	43.975
Chr05	16300001	16400000	42.049
Chr05	16400001	16500000	39.804
Chr05	16500001	16600000	43.827
Chr05	16600001	16700000	43.118
Chr05	16700001	16800000	42.241
Chr05	16800001	16900000	41.040
Chr05	16900001	17000000	42.858
Chr05	17000001	17100000	45.033
Chr05	17100001	17200000	39.762
Chr05	17200001	17300000	43.020
Chr05	17300001	17400000	42.860
Chr05	17400001	17500000	43.575
Chr05	17500001	17600000	43.484
Chr05	17600001	17700000	42.283
Chr05	17700001	17800000	43.076
Chr05	17800001	17900000	44.754
Chr05	17900001	18000000	41.119
Chr05	18000001	18100000	40.560
Chr05	18100001	18200000	43.603
Chr05	18200001	18300000	44.896
Chr05	18300001	18400000	41.254
Chr05	18400001	18500000	43.228
Chr05	18500001	18600000	42.787
Chr05	18600001	18700000	44.901
Chr05	18700001	18800000	43.311
Chr05	18800001	18900000	43.116
Chr05	18900001	19000000	43.384
Chr05	19000001	19100000	41.722
Chr05	19100001	19200000	40.723
Chr05	19200001	19300000	43.274
Chr05	19300001	19400000	44.186
Chr05	19400001	19500000	42.776
Chr05	19500001	19600000	43.630
Chr05	19600001	19700000	43.596
Chr05	19700001	19800000	46.590
Chr05	19800001	19900000	42.322
Chr05	19900001	20000000	42.065
Chr05	20000001	20100000	44.998
Chr05	20100001	20200000	46.594
Chr05	20200001	20300000	47.500
Chr05	20300001	20400000	43.640
Chr05	20400001	20500000	43.769
Chr05	20500001	20600000	41.168
Chr05	20600001	20700000	42.267
Chr05	20700001	20800000	41.924
Chr05	20800001	20900000	44.779
Chr05	20900001	21000000	44.044
Chr05	21000001	21100000	43.581
Chr05	21100001	21200000	46.427
Chr05	21200001	21300000	45.764
Chr05	21300001	21400000	44.962
Chr05	21400001	21500000	46.042
Chr05	21500001	21600000	44.617
Chr05	21600001	21700000	47.717
Chr05	21700001	21800000	44.217
Chr05	21800001	21900000	42.603
Chr05	21900001	22000000	48.217
Chr05	22000001	22100000	42.118
Chr05	22100001	22200000	48.108
Chr05	22200001	22300000	45.722
Chr05	22300001	22400000	44.292
Chr05	22400001	22500000	47.568
Chr05	22500001	22600000	44.519
Chr05	22600001	22700000	42.946
Chr05	22700001	22800000	42.675
Chr05	22800001	22900000	43.735
Chr05	22900001	23000000	44.332
Chr05	23000001	23100000	45.025
Chr05	23100001	23200000	46.178
Chr05	23200001	23300000	44.666
Chr05	23300001	23400000	45.480
Chr05	23400001	23500000	43.973
Chr05	23500001	23600000	45.014
Chr05	23600001	23700000	45.062
Chr05	23700001	23800000	42.154
Chr05	23800001	23900000	44.336
Chr05	23900001	24000000	46.609
Chr05	24000001	24100000	45.808
Chr05	24100001	24200000	42.652
Chr05	24200001	24300000	41.291
Chr05	24300001	24400000	44.153
Chr05	24400001	24500000	44.002
Chr05	24500001	24600000	48.173
Chr05	24600001	24700000	43.998
Chr05	24700001	24800000	46.747
Chr05	24800001	24900000	45.025
Chr05	24900001	25000000	43.778
Chr05	25000001	25100000	45.532
Chr05	25100001	25200000	41.567
Chr05	25200001	25300000	43.635
Chr05	25300001	25400000	46.353
Chr05	25400001	25500000	43.891
Chr05	25500001	25600000	45.967
Chr05	25600001	25700000	43.281
Chr05	25700001	25800000	43.587
Chr05	25800001	25900000	42.266
Chr05	25900001	26000000	43.289
Chr05	26000001	26100000	45.456
Chr05	26100001	26200000	47.404
Chr05	26200001	26300000	46.247
Chr05	26300001	26400000	46.079
Chr05	26400001	26500000	44.375
Chr05	26500001	26600000	49.092
Chr05	26600001	26700000	43.190
Chr05	26700001	26800000	42.593
Chr05	26800001	26900000	45.732
Chr05	26900001	27000000	43.359
Chr05	27000001	27100000	42.634
Chr05	27100001	27200000	44.036
Chr05	27200001	27300000	45.268
Chr05	27300001	27400000	45.766
Chr05	27400001	27500000	45.165
Chr05	27500001	27600000	44.086
Chr05	27600001	27700000	44.702
Chr05	27700001	27800000	44.956
Chr05	27800001	27900000	43.879
Chr05	27900001	28000000	41.938
Chr05	28000001	28100000	43.109
Chr05	28100001	28200000	42.651
Chr05	28200001	28300000	43.789
Chr05	28300001	28400000	43.364
Chr05	28400001	28500000	44.285
Chr05	28500001	28600000	43.837
Chr05	28600001	28700000	48.533
Chr05	28700001	28800000	43.700
Chr05	28800001	28900000	45.464
Chr05	28900001	29000000	43.118
Chr05	29000001	29100000	43.869
Chr05	29100001	29200000	46.738
Chr05	29200001	29300000	43.779
Chr05	29300001	29400000	41.752
Chr05	29400001	29500000	44.832
Chr05	29500001	29600000	44.336
Chr05	29600001	29700000	42.854
Chr05	29700001	29800000	43.131
Chr05	29800001	29900000	44.283
Chr05	29900001	30000000	43.171
Chr05	30000001	30100000	46.250
Chr05	30100001	30200000	48.784
Chr05	30200001	30300000	48.157
Chr05	30300001	30400000	48.024
Chr05	30400001	30400764	46.335
Chr06	1	100000	48.173
Chr06	100001	200000	48.436
Chr06	200001	300000	47.920
Chr06	300001	400000	42.561
Chr06	400001	500000	49.629
Chr06	500001	600000	41.920
Chr06	600001	700000	45.416
Chr06	700001	800000	42.997
Chr06	800001	900000	40.092
Chr06	900001	1000000	44.023
Chr06	1000001	1100000	42.399
Chr06	1100001	1200000	45.761
Chr06	1200001	1300000	45.429
Chr06	1300001	1400000	44.107
Chr06	1400001	1500000	48.193
Chr06	1500001	1600000	42.797
Chr06	1600001	1700000	42.394
Chr06	1700001	1800000	41.881
Chr06	1800001	1900000	43.093
Chr06	1900001	2000000	41.745
Chr06	2000001	2100000	41.535
Chr06	2100001	2200000	42.516
Chr06	2200001	2300000	43.940
Chr06	2300001	2400000	44.057
Chr06	2400001	2500000	39.526
Chr06	2500001	2600000	42.535
Chr06	2600001	2700000	43.639
Chr06	2700001	2800000	46.115
Chr06	2800001	2900000	44.424
Chr06	2900001	3000000	43.299
Chr06	3000001	3100000	42.787
Chr06	3100001	3200000	42.235
Chr06	3200001	3300000	44.324
Chr06	3300001	3400000	44.608
Chr06	3400001	3500000	44.116
Chr06	3500001	3600000	42.253
Chr06	3600001	3700000	43.536
Chr06	3700001	3800000	48.570
Chr06	3800001	3900000	41.692
Chr06	3900001	4000000	42.917
Chr06	4000001	4100000	44.501
Chr06	4100001	4200000	43.423
Chr06	4200001	4300000	41.126
Chr06	4300001	4400000	42.147
Chr06	4400001	4500000	42.407
Chr06	4500001	4600000	43.504
Chr06	4600001	4700000	44.624
Chr06	4700001	4800000	44.705
Chr06	4800001	4900000	42.154
Chr06	4900001	5000000	41.288
Chr06	5000001	5100000	45.029
Chr06	5100001	5200000	40.455
Chr06	5200001	5300000	43.002
Chr06	5300001	5400000	42.171
Chr06	5400001	5500000	42.333
Chr06	5500001	5600000	41.645
Chr06	5600001	5700000	41.877
Chr06	5700001	5800000	42.932
Chr06	5800001	5900000	45.152
Chr06	5900001	6000000	45.830
Chr06	6000001	6100000	43.192
Chr06	6100001	6200000	41.159
Chr06	6200001	6300000	43.888
Chr06	6300001	6400000	44.120
Chr06	6400001	6500000	42.510
Chr06	6500001	6600000	42.290
Chr06	6600001	6700000	43.360
Chr06	6700001	6800000	42.877
Chr06	6800001	6900000	42.371
Chr06	6900001	7000000	41.993
Chr06	7000001	7100000	41.198
Chr06	7100001	7200000	44.413
Chr06	7200001	7300000	43.366
Chr06	7300001	7400000	42.912
Chr06	7400001	7500000	40.941
Chr06	7500001	7600000	41.439
Chr06	7600001	7700000	39.980
Chr06	7700001	7800000	42.224
Chr06	7800001	7900000	41.623
Chr06	7900001	8000000	42.372
Chr06	8000001	8100000	46.355
Chr06	8100001	8200000	45.136
Chr06	8200001	8300000	42.014
Chr06	8300001	8400000	45.227
Chr06	8400001	8500000	42.804
Chr06	8500001	8600000	41.439
Chr06	8600001	8700000	45.027
Chr06	8700001	8800000	45.691
Chr06	8800001	8900000	44.499
Chr06	8900001	9000000	45.334
Chr06	9000001	9100000	44.662
Chr06	9100001	9200000	43.210
Chr06	9200001	9300000	46.096
Chr06	9300001	9400000	44.371
Chr06	9400001	9500000	46.895
Chr06	9500001	9600000	43.052
Chr06	9600001	9700000	42.342
Chr06	9700001	9800000	43.399
Chr06	9800001	9900000	41.250
Chr06	9900001	10000000	45.271
Chr06	10000001	10100000	44.463
Chr06	10100001	10200000	46.365
Chr06	10200001	10300000	43.441
Chr06	10300001	10400000	44.636
Chr06	10400001	10500000	49.173
Chr06	10500001	10600000	44.868
Chr06	10600001	10700000	44.430
Chr06	10700001	10800000	44.171
Chr06	10800001	10900000	44.726
Chr06	10900001	11000000	43.587
Chr06	11000001	11100000	43.502
Chr06	11100001	11200000	46.107
Chr06	11200001	11300000	41.733
Chr06	11300001	11400000	40.856
Chr06	11400001	11500000	39.697
Chr06	11500001	11600000	44.203
Chr06	11600001	11700000	41.729
Chr06	11700001	11800000	47.544
Chr06	11800001	11900000	41.540
Chr06	11900001	12000000	42.046
Chr06	12000001	12100000	45.486
Chr06	12100001	12200000	42.744
Chr06	12200001	12300000	41.454
Chr06	12300001	12400000	42.282
Chr06	12400001	12500000	44.691
Chr06	12500001	12600000	43.549
Chr06	12600001	12700000	44.479
Chr06	12700001	12800000	43.345
Chr06	12800001	12900000	42.616
Chr06	12900001	13000000	40.583
Chr06	13000001	13100000	45.027
Chr06	13100001	13200000	43.761
Chr06	13200001	13300000	42.346
Chr06	13300001	13400000	42.319
Chr06	13400001	13500000	42.102
Chr06	13500001	13600000	42.678
Chr06	13600001	13700000	44.191
Chr06	13700001	13800000	45.070
Chr06	13800001	13900000	43.848
Chr06	13900001	14000000	42.365
Chr06	14000001	14100000	41.968
Chr06	14100001	14200000	44.968
Chr06	14200001	14300000	43.577
Chr06	14300001	14400000	43.699
Chr06	14400001	14500000	43.053
Chr06	14500001	14600000	44.053
Chr06	14600001	14700000	43.896
Chr06	14700001	14800000	44.556
Chr06	14800001	14900000	46.549
Chr06	14900001	15000000	42.582
Chr06	15000001	15100000	44.571
Chr06	15100001	15200000	44.870
Chr06	15200001	15300000	45.403
Chr06	15300001	15400000	42.879
Chr06	15400001	15500000	44.761
Chr06	15500001	15600000	43.475
Chr06	15600001	15700000	43.845
Chr06	15700001	15800000	44.589
Chr06	15800001	15900000	44.659
Chr06	15900001	16000000	44.756
Chr06	16000001	16100000	44.418
Chr06	16100001	16200000	44.282
Chr06	16200001	16300000	44.348
Chr06	16300001	16400000	42.237
Chr06	16400001	16500000	45.004
Chr06	16500001	16600000	43.115
Chr06	16600001	16700000	42.913
Chr06	16700001	16800000	41.046
Chr06	16800001	16900000	44.995
Chr06	16900001	17000000	45.228
Chr06	17000001	17100000	44.090
Chr06	17100001	17200000	41.714
Chr06	17200001	17300000	42.555
Chr06	17300001	17400000	44.988
Chr06	17400001	17500000	45.464
Chr06	17500001	17600000	45.003
Chr06	17600001	17700000	41.476
Chr06	17700001	17800000	43.093
Chr06	17800001	17900000	42.010
Chr06	17900001	18000000	41.286
Chr06	18000001	18100000	42.549
Chr06	18100001	18200000	42.272
Chr06	18200001	18300000	44.004
Chr06	18300001	18400000	41.357
Chr06	18400001	18500000	42.254
Chr06	18500001	18600000	43.383
Chr06	18600001	18700000	42.952
Chr06	18700001	18800000	41.823
Chr06	18800001	18900000	43.957
Chr06	18900001	19000000	45.467
Chr06	19000001	19100000	47.200
Chr06	19100001	19200000	51.161
Chr06	19200001	19300000	50.387
Chr06	19300001	19400000	48.003
Chr06	19400001	19500000	44.419
Chr06	19500001	19600000	48.197
Chr06	19600001	19700000	42.613
Chr06	19700001	19800000	46.402
Chr06	19800001	19900000	42.657
Chr06	19900001	20000000	48.257
Chr06	20000001	20100000	43.849
Chr06	20100001	20200000	43.761
Chr06	20200001	20300000	44.823
Chr06	20300001	20400000	43.379
Chr06	20400001	20500000	41.666
Chr06	20500001	20600000	42.202
Chr06	20600001	20700000	41.630
Chr06	20700001	20800000	42.276
Chr06	20800001	20900000	43.590
Chr06	20900001	21000000	42.886
Chr06	21000001	21100000	44.212
Chr06	21100001	21200000	42.424
Chr06	21200001	21300000	43.003
Chr06	21300001	21400000	42.859
Chr06	21400001	21500000	43.629
Chr06	21500001	21600000	45.697
Chr06	21600001	21700000	44.353
Chr06	21700001	21800000	45.432
Chr06	21800001	21900000	40.790
Chr06	21900001	22000000	41.168
Chr06	22000001	22100000	44.737
Chr06	22100001	22200000	41.321
Chr06	22200001	22300000	41.989
Chr06	22300001	22400000	43.625
Chr06	22400001	22500000	42.622
Chr06	22500001	22600000	39.674
Chr06	22600001	22700000	42.104
Chr06	22700001	22800000	49.006
Chr06	22800001	22900000	42.004
Chr06	22900001	23000000	41.034
Chr06	23000001	23100000	43.590
Chr06	23100001	23200000	41.984
Chr06	23200001	23300000	44.491
Chr06	23300001	23400000	47.539
Chr06	23400001	23500000	43.395
Chr06	23500001	23600000	40.516
Chr06	23600001	23700000	43.872
Chr06	23700001	23800000	48.136
Chr06	23800001	23900000	43.235
Chr06	23900001	24000000	44.479
Chr06	24000001	24100000	43.722
Chr06	24100001	24200000	48.978
Chr06	24200001	24300000	42.865
Chr06	24300001	24400000	42.426
Chr06	24400001	24500000	40.540
Chr06	24500001	24600000	42.061
Chr06	24600001	24700000	47.220
Chr06	24700001	24800000	42.241
Chr06	24800001	24900000	43.407
Chr06	24900001	25000000	42.825
Chr06	25000001	25100000	41.617
Chr06	25100001	25200000	42.148
Chr06	25200001	25300000	42.899
Chr06	25300001	25400000	41.955
Chr06	25400001	25500000	42.267
Chr06	25500001	25600000	43.184
Chr06	25600001	25700000	42.861
Chr06	25700001	25800000	45.843
Chr06	25800001	25900000	42.072
Chr06	25900001	26000000	41.452
Chr06	26000001	26100000	44.584
Chr06	26100001	26200000	46.086
Chr06	26200001	26300000	43.279
Chr06	26300001	26400000	42.662
Chr06	26400001	26500000	45.057
Chr06	26500001	26600000	41.095
Chr06	26600001	26700000	48.894
Chr06	26700001	26800000	44.242
Chr06	26800001	26900000	43.462
Chr06	26900001	27000000	48.267
Chr06	27000001	27100000	44.182
Chr06	27100001	27200000	41.207
Chr06	27200001	27300000	41.611
Chr06	27300001	27400000	43.231
Chr06	27400001	27500000	42.797
Chr06	27500001	27600000	43.374
Chr06	27600001	27700000	40.526
Chr06	27700001	27800000	46.281
Chr06	27800001	27900000	43.382
Chr06	27900001	28000000	44.226
Chr06	28000001	28100000	45.406
Chr06	28100001	28200000	41.775
Chr06	28200001	28300000	43.483
Chr06	28300001	28400000	40.794
Chr06	28400001	28500000	44.432
Chr06	28500001	28600000	44.493
Chr06	28600001	28700000	40.170
Chr06	28700001	28800000	41.188
Chr06	28800001	28900000	43.816
Chr06	28900001	29000000	40.707
Chr06	29000001	29100000	39.820
Chr06	29100001	29200000	43.294
Chr06	29200001	29300000	42.967
Chr06	29300001	29400000	45.921
Chr06	29400001	29500000	42.265
Chr06	29500001	29600000	45.223
Chr06	29600001	29700000	43.951
Chr06	29700001	29800000	46.253
Chr06	29800001	29900000	44.031
Chr06	29900001	30000000	48.029
Chr06	30000001	30100000	44.902
Chr06	30100001	30200000	50.116
Chr06	30200001	30300000	43.354
Chr06	30300001	30400000	39.436
Chr06	30400001	30500000	42.280
Chr06	30500001	30600000	39.836
Chr06	30600001	30700000	44.212
Chr06	30700001	30800000	47.574
Chr06	30800001	30900000	44.605
Chr06	30900001	31000000	43.659
Chr06	31000001	31100000	42.087
Chr06	31100001	31200000	43.536
Chr06	31200001	31300000	43.254
Chr06	31300001	31400000	44.334
Chr06	31400001	31500000	43.034
Chr06	31500001	31600000	46.299
Chr06	31600001	31700000	42.919
Chr06	31700001	31800000	43.390
Chr06	31800001	31900000	41.112
Chr06	31900001	32000000	42.775
Chr06	32000001	32100000	41.620
Chr06	32100001	32122276	44.635
Chr07	1	100000	44.836
Chr07	100001	200000	40.550
Chr07	200001	300000	45.942
Chr07	300001	400000	46.876
Chr07	400001	500000	42.903
Chr07	500001	600000	40.920
Chr07	600001	700000	42.594
Chr07	700001	800000	42.796
Chr07	800001	900000	42.101
Chr07	900001	1000000	41.239
Chr07	1000001	1100000	41.366
Chr07	1100001	1200000	44.725
Chr07	1200001	1300000	41.663
Chr07	1300001	1400000	44.146
Chr07	1400001	1500000	47.908
Chr07	1500001	1600000	42.119
Chr07	1600001	1700000	42.951
Chr07	1700001	1800000	43.944
Chr07	1800001	1900000	41.144
Chr07	1900001	2000000	43.698
Chr07	2000001	2100000	43.756
Chr07	2100001	2200000	45.882
Chr07	2200001	2300000	42.524
Chr07	2300001	2400000	41.864
Chr07	2400001	2500000	40.743
Chr07	2500001	2600000	43.979
Chr07	2600001	2700000	40.317
Chr07	2700001	2800000	41.936
Chr07	2800001	2900000	39.390
Chr07	2900001	3000000	44.611
Chr07	3000001	3100000	43.722
Chr07	3100001	3200000	43.869
Chr07	3200001	3300000	40.887
Chr07	3300001	3400000	42.096
Chr07	3400001	3500000	41.024
Chr07	3500001	3600000	43.410
Chr07	3600001	3700000	40.428
Chr07	3700001	3800000	43.819
Chr07	3800001	3900000	42.888
Chr07	3900001	4000000	42.310
Chr07	4000001	4100000	41.173
Chr07	4100001	4200000	40.726
Chr07	4200001	4300000	40.349
Chr07	4300001	4400000	41.199
Chr07	4400001	4500000	45.087
Chr07	4500001	4600000	44.295
Chr07	4600001	4700000	41.473
Chr07	4700001	4800000	42.118
Chr07	4800001	4900000	41.727
Chr07	4900001	5000000	42.589
Chr07	5000001	5100000	43.301
Chr07	5100001	5200000	40.850
Chr07	5200001	5300000	42.933
Chr07	5300001	5400000	42.904
Chr07	5400001	5500000	46.361
Chr07	5500001	5600000	43.820
Chr07	5600001	5700000	40.311
Chr07	5700001	5800000	40.018
Chr07	5800001	5900000	41.337
Chr07	5900001	6000000	41.590
Chr07	6000001	6100000	40.953
Chr07	6100001	6200000	39.732
Chr07	6200001	6300000	43.272
Chr07	6300001	6400000	42.911
Chr07	6400001	6500000	48.006
Chr07	6500001	6600000	41.325
Chr07	6600001	6700000	42.162
Chr07	6700001	6800000	38.819
Chr07	6800001	6900000	41.949
Chr07	6900001	7000000	40.407
Chr07	7000001	7100000	41.710
Chr07	7100001	7200000	42.314
Chr07	7200001	7300000	41.515
Chr07	7300001	7400000	43.605
Chr07	7400001	7500000	41.327
Chr07	7500001	7600000	41.830
Chr07	7600001	7700000	42.066
Chr07	7700001	7800000	44.421
Chr07	7800001	7900000	43.753
Chr07	7900001	8000000	47.575
Chr07	8000001	8100000	45.347
Chr07	8100001	8200000	46.027
Chr07	8200001	8300000	42.752
Chr07	8300001	8400000	42.841
Chr07	8400001	8500000	41.680
Chr07	8500001	8600000	44.681
Chr07	8600001	8700000	42.196
Chr07	8700001	8800000	42.716
Chr07	8800001	8900000	42.201
Chr07	8900001	9000000	41.403
Chr07	9000001	9100000	44.028
Chr07	9100001	9200000	42.461
Chr07	9200001	9300000	43.003
Chr07	9300001	9400000	40.248
Chr07	9400001	9500000	44.317
Chr07	9500001	9600000	42.461
Chr07	9600001	9700000	44.325
Chr07	9700001	9800000	48.039
Chr07	9800001	9900000	45.463
Chr07	9900001	10000000	46.386
Chr07	10000001	10100000	43.617
Chr07	10100001	10200000	42.136
Chr07	10200001	10300000	45.309
Chr07	10300001	10400000	41.847
Chr07	10400001	10500000	46.514
Chr07	10500001	10600000	47.318
Chr07	10600001	10700000	46.673
Chr07	10700001	10800000	45.284
Chr07	10800001	10900000	42.862
Chr07	10900001	11000000	44.976
Chr07	11000001	11100000	43.944
Chr07	11100001	11200000	44.011
Chr07	11200001	11300000	40.883
Chr07	11300001	11400000	43.779
Chr07	11400001	11500000	43.455
Chr07	11500001	11600000	45.094
Chr07	11600001	11700000	40.199
Chr07	11700001	11800000	45.994
Chr07	11800001	11900000	42.038
Chr07	11900001	12000000	45.210
Chr07	12000001	12100000	44.256
Chr07	12100001	12200000	43.745
Chr07	12200001	12300000	41.779
Chr07	12300001	12400000	41.077
Chr07	12400001	12500000	45.108
Chr07	12500001	12600000	45.012
Chr07	12600001	12700000	42.879
Chr07	12700001	12800000	44.209
Chr07	12800001	12900000	42.888
Chr07	12900001	13000000	41.042
Chr07	13000001	13100000	44.014
Chr07	13100001	13200000	43.133
Chr07	13200001	13300000	46.606
Chr07	13300001	13400000	43.392
Chr07	13400001	13500000	43.017
Chr07	13500001	13600000	42.366
Chr07	13600001	13700000	45.319
Chr07	13700001	13800000	40.200
Chr07	13800001	13900000	43.481
Chr07	13900001	14000000	45.423
Chr07	14000001	14100000	46.243
Chr07	14100001	14200000	47.413
Chr07	14200001	14300000	46.515
Chr07	14300001	14400000	44.891
Chr07	14400001	14500000	43.826
Chr07	14500001	14600000	44.030
Chr07	14600001	14700000	44.763
Chr07	14700001	14800000	40.513
Chr07	14800001	14900000	42.438
Chr07	14900001	15000000	43.085
Chr07	15000001	15100000	44.747
Chr07	15100001	15200000	42.331
Chr07	15200001	15300000	44.892
Chr07	15300001	15400000	41.793
Chr07	15400001	15500000	41.654
Chr07	15500001	15600000	41.645
Chr07	15600001	15700000	43.583
Chr07	15700001	15800000	41.859
Chr07	15800001	15900000	41.997
Chr07	15900001	16000000	42.194
Chr07	16000001	16100000	42.941
Chr07	16100001	16200000	39.869
Chr07	16200001	16300000	45.031
Chr07	16300001	16400000	43.591
Chr07	16400001	16500000	42.999
Chr07	16500001	16600000	42.161
Chr07	16600001	16700000	42.510
Chr07	16700001	16800000	43.590
Chr07	16800001	16900000	45.830
Chr07	16900001	17000000	43.384
Chr07	17000001	17100000	43.265
Chr07	17100001	17200000	41.342
Chr07	17200001	17300000	43.337
Chr07	17300001	17400000	40.194
Chr07	17400001	17500000	43.502
Chr07	17500001	17600000	41.304
Chr07	17600001	17700000	42.165
Chr07	17700001	17800000	43.364
Chr07	17800001	17900000	42.594
Chr07	17900001	18000000	39.487
Chr07	18000001	18100000	42.359
Chr07	18100001	18200000	49.033
Chr07	18200001	18300000	44.635
Chr07	18300001	18400000	41.831
Chr07	18400001	18500000	44.793
Chr07	18500001	18600000	46.806
Chr07	18600001	18700000	45.573
Chr07	18700001	18800000	42.358
Chr07	18800001	18900000	42.198
Chr07	18900001	19000000	42.959
Chr07	19000001	19100000	46.369
Chr07	19100001	19200000	44.660
Chr07	19200001	19300000	45.700
Chr07	19300001	19400000	43.713
Chr07	19400001	19500000	45.505
Chr07	19500001	19600000	41.872
Chr07	19600001	19700000	43.606
Chr07	19700001	19800000	42.588
Chr07	19800001	19900000	41.553
Chr07	19900001	20000000	47.440
Chr07	20000001	20100000	43.880
Chr07	20100001	20200000	44.324
Chr07	20200001	20300000	44.411
Chr07	20300001	20400000	42.289
Chr07	20400001	20500000	43.699
Chr07	20500001	20600000	41.286
Chr07	20600001	20700000	41.372
Chr07	20700001	20800000	43.632
Chr07	20800001	20900000	43.407
Chr07	20900001	21000000	43.423
Chr07	21000001	21100000	44.752
Chr07	21100001	21200000	42.000
Chr07	21200001	21300000	46.527
Chr07	21300001	21400000	45.144
Chr07	21400001	21500000	47.768
Chr07	21500001	21600000	41.793
Chr07	21600001	21700000	43.102
Chr07	21700001	21800000	48.206
Chr07	21800001	21900000	42.918
Chr07	21900001	22000000	43.782
Chr07	22000001	22100000	43.853
Chr07	22100001	22200000	46.837
Chr07	22200001	22300000	43.252
Chr07	22300001	22400000	43.188
Chr07	22400001	22500000	43.638
Chr07	22500001	22600000	47.508
Chr07	22600001	22700000	45.345
Chr07	22700001	22800000	42.851
Chr07	22800001	22900000	43.855
Chr07	22900001	23000000	45.787
Chr07	23000001	23100000	42.861
Chr07	23100001	23200000	43.600
Chr07	23200001	23300000	44.746
Chr07	23300001	23400000	46.420
Chr07	23400001	23500000	42.803
Chr07	23500001	23600000	45.188
Chr07	23600001	23700000	45.113
Chr07	23700001	23800000	45.592
Chr07	23800001	23900000	44.451
Chr07	23900001	24000000	44.008
Chr07	24000001	24100000	43.258
Chr07	24100001	24200000	43.765
Chr07	24200001	24300000	45.588
Chr07	24300001	24400000	46.710
Chr07	24400001	24500000	44.737
Chr07	24500001	24600000	47.178
Chr07	24600001	24700000	43.430
Chr07	24700001	24800000	45.797
Chr07	24800001	24900000	42.806
Chr07	24900001	25000000	43.107
Chr07	25000001	25100000	46.586
Chr07	25100001	25200000	44.426
Chr07	25200001	25300000	44.105
Chr07	25300001	25400000	46.220
Chr07	25400001	25500000	45.652
Chr07	25500001	25600000	43.498
Chr07	25600001	25700000	43.306
Chr07	25700001	25800000	44.925
Chr07	25800001	25900000	42.824
Chr07	25900001	26000000	43.340
Chr07	26000001	26100000	44.082
Chr07	26100001	26200000	45.023
Chr07	26200001	26300000	42.962
Chr07	26300001	26400000	42.364
Chr07	26400001	26500000	46.599
Chr07	26500001	26600000	41.348
Chr07	26600001	26700000	42.435
Chr07	26700001	26800000	42.837
Chr07	26800001	26900000	44.385
Chr07	26900001	27000000	42.196
Chr07	27000001	27100000	44.464
Chr07	27100001	27200000	42.236
Chr07	27200001	27300000	43.012
Chr07	27300001	27400000	43.830
Chr07	27400001	27500000	45.066
Chr07	27500001	27600000	47.073
Chr07	27600001	27700000	45.684
Chr07	27700001	27800000	42.838
Chr07	27800001	27900000	44.888
Chr07	27900001	28000000	42.386
Chr07	28000001	28100000	41.944
Chr07	28100001	28200000	41.436
Chr07	28200001	28300000	44.427
Chr07	28300001	28400000	41.749
Chr07	28400001	28500000	43.493
Chr07	28500001	28600000	42.360
Chr07	28600001	28700000	43.341
Chr07	28700001	28800000	44.916
Chr07	28800001	28900000	43.908
Chr07	28900001	29000000	44.703
Chr07	29000001	29100000	42.735
Chr07	29100001	29200000	41.848
Chr07	29200001	29300000	45.230
Chr07	29300001	29400000	43.989
Chr07	29400001	29500000	41.642
Chr07	29500001	29600000	41.999
Chr07	29600001	29700000	46.068
Chr07	29700001	29800000	43.450
Chr07	29800001	29900000	45.697
Chr07	29900001	29936421	39.049
Chr08	1	100000	40.808
Chr08	100001	200000	41.570
Chr08	200001	300000	41.771
Chr08	300001	400000	43.079
Chr08	400001	500000	39.981
Chr08	500001	600000	40.716
Chr08	600001	700000	42.530
Chr08	700001	800000	41.113
Chr08	800001	900000	39.730
Chr08	900001	1000000	41.356
Chr08	1000001	1100000	44.629
Chr08	1100001	1200000	45.229
Chr08	1200001	1300000	42.411
Chr08	1300001	1400000	45.439
Chr08	1400001	1500000	45.353
Chr08	1500001	1600000	43.778
Chr08	1600001	1700000	43.656
Chr08	1700001	1800000	41.427
Chr08	1800001	1900000	44.288
Chr08	1900001	2000000	46.864
Chr08	2000001	2100000	43.145
Chr08	2100001	2200000	41.418
Chr08	2200001	2300000	44.210
Chr08	2300001	2400000	45.961
Chr08	2400001	2500000	40.653
Chr08	2500001	2600000	45.485
Chr08	2600001	2700000	43.653
Chr08	2700001	2800000	46.106
Chr08	2800001	2900000	42.991
Chr08	2900001	3000000	40.755
Chr08	3000001	3100000	40.066
Chr08	3100001	3200000	39.862
Chr08	3200001	3300000	42.133
Chr08	3300001	3400000	40.388
Chr08	3400001	3500000	41.621
Chr08	3500001	3600000	42.764
Chr08	3600001	3700000	39.008
Chr08	3700001	3800000	45.708
Chr08	3800001	3900000	47.315
Chr08	3900001	4000000	43.602
Chr08	4000001	4100000	44.265
Chr08	4100001	4200000	41.673
Chr08	4200001	4300000	43.398
Chr08	4300001	4400000	39.523
Chr08	4400001	4500000	42.387
Chr08	4500001	4600000	40.795
Chr08	4600001	4700000	40.735
Chr08	4700001	4800000	41.259
Chr08	4800001	4900000	43.463
Chr08	4900001	5000000	45.582
Chr08	5000001	5100000	43.176
Chr08	5100001	5200000	42.425
Chr08	5200001	5300000	41.387
Chr08	5300001	5400000	44.196
Chr08	5400001	5500000	40.227
Chr08	5500001	5600000	44.873
Chr08	5600001	5700000	43.743
Chr08	5700001	5800000	43.908
Chr08	5800001	5900000	40.791
Chr08	5900001	6000000	43.246
Chr08	6000001	6100000	39.264
Chr08	6100001	6200000	43.187
Chr08	6200001	6300000	40.054
Chr08	6300001	6400000	42.541
Chr08	6400001	6500000	44.542
Chr08	6500001	6600000	48.023
Chr08	6600001	6700000	46.405
Chr08	6700001	6800000	45.226
Chr08	6800001	6900000	43.388
Chr08	6900001	7000000	46.383
Chr08	7000001	7100000	48.646
Chr08	7100001	7200000	44.785
Chr08	7200001	7300000	47.173
Chr08	7300001	7400000	45.126
Chr08	7400001	7500000	45.929
Chr08	7500001	7600000	43.740
Chr08	7600001	7700000	41.052
Chr08	7700001	7800000	42.190
Chr08	7800001	7900000	43.803
Chr08	7900001	8000000	42.297
Chr08	8000001	8100000	42.764
Chr08	8100001	8200000	44.519
Chr08	8200001	8300000	42.524
Chr08	8300001	8400000	41.585
Chr08	8400001	8500000	42.659
Chr08	8500001	8600000	42.584
Chr08	8600001	8700000	43.996
Chr08	8700001	8800000	44.012
Chr08	8800001	8900000	44.484
Chr08	8900001	9000000	40.968
Chr08	9000001	9100000	39.655
Chr08	9100001	9200000	40.571
Chr08	9200001	9300000	43.203
Chr08	9300001	9400000	40.828
Chr08	9400001	9500000	41.848
Chr08	9500001	9600000	44.895
Chr08	9600001	9700000	42.011
Chr08	9700001	9800000	42.190
Chr08	9800001	9900000	42.949
Chr08	9900001	10000000	43.364
Chr08	10000001	10100000	41.735
Chr08	10100001	10200000	42.736
Chr08	10200001	10300000	42.463
Chr08	10300001	10400000	40.479
Chr08	10400001	10500000	42.541
Chr08	10500001	10600000	44.396
Chr08	10600001	10700000	44.557
Chr08	10700001	10800000	43.500
Chr08	10800001	10900000	42.104
Chr08	10900001	11000000	41.520
Chr08	11000001	11100000	44.383
Chr08	11100001	11200000	46.465
Chr08	11200001	11300000	33.849
Chr08	11300001	11400000	44.420
Chr08	11400001	11500000	43.180
Chr08	11500001	11600000	43.093
Chr08	11600001	11700000	47.286
Chr08	11700001	11800000	44.177
Chr08	11800001	11900000	42.831
Chr08	11900001	12000000	42.576
Chr08	12000001	12100000	43.720
Chr08	12100001	12200000	43.959
Chr08	12200001	12300000	48.203
Chr08	12300001	12400000	43.247
Chr08	12400001	12500000	40.451
Chr08	12500001	12600000	49.069
Chr08	12600001	12700000	49.206
Chr08	12700001	12800000	46.635
Chr08	12800001	12900000	44.210
Chr08	12900001	13000000	41.561
Chr08	13000001	13100000	43.472
Chr08	13100001	13200000	45.649
Chr08	13200001	13300000	44.899
Chr08	13300001	13400000	44.266
Chr08	13400001	13500000	44.780
Chr08	13500001	13600000	44.886
Chr08	13600001	13700000	46.263
Chr08	13700001	13800000	47.914
Chr08	13800001	13900000	43.835
Chr08	13900001	14000000	46.146
Chr08	14000001	14100000	44.075
Chr08	14100001	14200000	46.485
Chr08	14200001	14300000	41.952
Chr08	14300001	14400000	45.809
Chr08	14400001	14500000	44.710
Chr08	14500001	14600000	46.738
Chr08	14600001	14700000	49.637
Chr08	14700001	14800000	44.023
Chr08	14800001	14900000	44.136
Chr08	14900001	15000000	50.283
Chr08	15000001	15100000	44.783
Chr08	15100001	15200000	44.107
Chr08	15200001	15300000	43.448
Chr08	15300001	15400000	44.230
Chr08	15400001	15500000	43.169
Chr08	15500001	15600000	42.287
Chr08	15600001	15700000	43.573
Chr08	15700001	15800000	42.740
Chr08	15800001	15900000	43.441
Chr08	15900001	16000000	43.490
Chr08	16000001	16100000	42.797
Chr08	16100001	16200000	41.162
Chr08	16200001	16300000	44.620
Chr08	16300001	16400000	39.183
Chr08	16400001	16500000	43.334
Chr08	16500001	16600000	43.452
Chr08	16600001	16700000	40.557
Chr08	16700001	16800000	43.441
Chr08	16800001	16900000	47.479
Chr08	16900001	17000000	44.167
Chr08	17000001	17100000	41.135
Chr08	17100001	17200000	44.714
Chr08	17200001	17300000	41.834
Chr08	17300001	17400000	40.370
Chr08	17400001	17500000	44.018
Chr08	17500001	17600000	42.926
Chr08	17600001	17700000	39.299
Chr08	17700001	17800000	42.092
Chr08	17800001	17900000	41.097
Chr08	17900001	18000000	41.912
Chr08	18000001	18100000	43.931
Chr08	18100001	18200000	45.913
Chr08	18200001	18300000	43.647
Chr08	18300001	18400000	40.940
Chr08	18400001	18500000	40.831
Chr08	18500001	18600000	44.113
Chr08	18600001	18700000	43.927
Chr08	18700001	18800000	41.509
Chr08	18800001	18900000	43.256
Chr08	18900001	19000000	39.534
Chr08	19000001	19100000	41.562
Chr08	19100001	19200000	41.887
Chr08	19200001	19300000	42.377
Chr08	19300001	19400000	43.059
Chr08	19400001	19500000	42.716
Chr08	19500001	19600000	42.354
Chr08	19600001	19700000	44.365
Chr08	19700001	19800000	44.464
Chr08	19800001	19900000	42.059
Chr08	19900001	20000000	43.352
Chr08	20000001	20100000	43.866
Chr08	20100001	20200000	44.445
Chr08	20200001	20300000	41.912
Chr08	20300001	20400000	42.485
Chr08	20400001	20500000	45.951
Chr08	20500001	20600000	41.729
Chr08	20600001	20700000	44.280
Chr08	20700001	20800000	40.291
Chr08	20800001	20900000	38.620
Chr08	20900001	21000000	41.711
Chr08	21000001	21100000	43.911
Chr08	21100001	21200000	41.753
Chr08	21200001	21300000	44.044
Chr08	21300001	21400000	40.264
Chr08	21400001	21500000	41.035
Chr08	21500001	21600000	44.596
Chr08	21600001	21700000	41.289
Chr08	21700001	21800000	44.915
Chr08	21800001	21900000	42.831
Chr08	21900001	22000000	42.820
Chr08	22000001	22100000	43.357
Chr08	22100001	22200000	42.309
Chr08	22200001	22300000	45.259
Chr08	22300001	22400000	42.752
Chr08	22400001	22500000	46.559
Chr08	22500001	22600000	46.325
Chr08	22600001	22700000	41.635
Chr08	22700001	22800000	46.227
Chr08	22800001	22900000	43.466
Chr08	22900001	23000000	46.482
Chr08	23000001	23100000	43.213
Chr08	23100001	23200000	44.426
Chr08	23200001	23300000	46.977
Chr08	23300001	23400000	45.049
Chr08	23400001	23500000	43.354
Chr08	23500001	23600000	47.065
Chr08	23600001	23700000	46.674
Chr08	23700001	23800000	42.036
Chr08	23800001	23900000	42.589
Chr08	23900001	24000000	45.757
Chr08	24000001	24100000	44.238
Chr08	24100001	24200000	43.016
Chr08	24200001	24300000	43.614
Chr08	24300001	24400000	43.590
Chr08	24400001	24500000	44.828
Chr08	24500001	24600000	44.904
Chr08	24600001	24700000	43.476
Chr08	24700001	24800000	44.696
Chr08	24800001	24900000	41.902
Chr08	24900001	25000000	41.768
Chr08	25000001	25100000	41.212
Chr08	25100001	25200000	42.823
Chr08	25200001	25300000	44.385
Chr08	25300001	25400000	44.469
Chr08	25400001	25500000	43.485
Chr08	25500001	25600000	43.005
Chr08	25600001	25700000	41.726
Chr08	25700001	25800000	43.971
Chr08	25800001	25900000	43.133
Chr08	25900001	26000000	45.762
Chr08	26000001	26100000	46.085
Chr08	26100001	26200000	43.167
Chr08	26200001	26300000	42.660
Chr08	26300001	26400000	42.125
Chr08	26400001	26500000	42.515
Chr08	26500001	26600000	41.200
Chr08	26600001	26700000	41.845
Chr08	26700001	26800000	45.129
Chr08	26800001	26900000	42.134
Chr08	26900001	27000000	39.856
Chr08	27000001	27100000	42.490
Chr08	27100001	27200000	44.867
Chr08	27200001	27300000	44.039
Chr08	27300001	27400000	40.701
Chr08	27400001	27500000	42.665
Chr08	27500001	27600000	42.074
Chr08	27600001	27700000	42.375
Chr08	27700001	27800000	45.012
Chr08	27800001	27900000	41.007
Chr08	27900001	28000000	42.654
Chr08	28000001	28100000	41.658
Chr08	28100001	28200000	46.939
Chr08	28200001	28300000	46.535
Chr08	28300001	28400000	42.723
Chr08	28400001	28500000	44.113
Chr08	28500001	28600000	47.180
Chr08	28600001	28605474	42.894
Chr09	1	100000	61.313
Chr09	100001	200000	61.941
Chr09	200001	300000	61.860
Chr09	300001	400000	61.941
Chr09	400001	500000	61.734
Chr09	500001	600000	61.976
Chr09	600001	700000	61.938
Chr09	700001	800000	61.835
Chr09	800001	900000	61.878
Chr09	900001	1000000	61.834
Chr09	1000001	1100000	61.940
Chr09	1100001	1200000	61.984
Chr09	1200001	1300000	61.756
Chr09	1300001	1400000	61.848
Chr09	1400001	1500000	61.928
Chr09	1500001	1600000	61.889
Chr09	1600001	1700000	61.957
Chr09	1700001	1800000	61.724
Chr09	1800001	1900000	61.933
Chr09	1900001	2000000	61.945
Chr09	2000001	2100000	61.839
Chr09	2100001	2200000	61.904
Chr09	2200001	2300000	61.799
Chr09	2300001	2400000	61.937
Chr09	2400001	2500000	61.980
Chr09	2500001	2600000	61.808
Chr09	2600001	2700000	61.836
Chr09	2700001	2800000	61.899
Chr09	2800001	2900000	61.916
Chr09	2900001	3000000	61.957
Chr09	3000001	3100000	61.741
Chr09	3100001	3200000	61.891
Chr09	3200001	3300000	61.947
Chr09	3300001	3400000	61.858
Chr09	3400001	3500000	61.935
Chr09	3500001	3600000	61.748
Chr09	3600001	3700000	61.953
Chr09	3700001	3800000	61.955
Chr09	3800001	3900000	61.822
Chr09	3900001	4000000	61.856
Chr09	4000001	4100000	55.675
Chr09	4100001	4200000	46.360
Chr09	4200001	4300000	48.573
Chr09	4300001	4400000	45.016
Chr09	4400001	4500000	42.807
Chr09	4500001	4600000	45.946
Chr09	4600001	4700000	42.896
Chr09	4700001	4800000	45.706
Chr09	4800001	4900000	44.377
Chr09	4900001	5000000	41.340
Chr09	5000001	5100000	43.936
Chr09	5100001	5200000	38.655
Chr09	5200001	5300000	42.423
Chr09	5300001	5400000	41.585
Chr09	5400001	5500000	43.078
Chr09	5500001	5600000	44.978
Chr09	5600001	5700000	42.834
Chr09	5700001	5800000	44.952
Chr09	5800001	5900000	46.323
Chr09	5900001	6000000	44.398
Chr09	6000001	6100000	42.412
Chr09	6100001	6200000	45.545
Chr09	6200001	6300000	43.102
Chr09	6300001	6400000	44.502
Chr09	6400001	6500000	45.032
Chr09	6500001	6600000	44.921
Chr09	6600001	6700000	46.568
Chr09	6700001	6800000	43.651
Chr09	6800001	6900000	40.620
Chr09	6900001	7000000	40.676
Chr09	7000001	7100000	40.708
Chr09	7100001	7200000	40.853
Chr09	7200001	7300000	43.512
Chr09	7300001	7400000	43.973
Chr09	7400001	7500000	43.794
Chr09	7500001	7600000	43.168
Chr09	7600001	7700000	42.039
Chr09	7700001	7800000	43.678
Chr09	7800001	7900000	42.938
Chr09	7900001	8000000	41.281
Chr09	8000001	8100000	42.225
Chr09	8100001	8200000	42.729
Chr09	8200001	8300000	45.100
Chr09	8300001	8400000	42.368
Chr09	8400001	8500000	45.344
Chr09	8500001	8600000	44.715
Chr09	8600001	8700000	42.632
Chr09	8700001	8800000	39.844
Chr09	8800001	8900000	45.523
Chr09	8900001	9000000	41.703
Chr09	9000001	9100000	43.694
Chr09	9100001	9200000	47.200
Chr09	9200001	9300000	45.728
Chr09	9300001	9400000	41.683
Chr09	9400001	9500000	42.526
Chr09	9500001	9600000	42.791
Chr09	9600001	9700000	45.042
Chr09	9700001	9800000	42.705
Chr09	9800001	9900000	43.893
Chr09	9900001	10000000	41.983
Chr09	10000001	10100000	44.106
Chr09	10100001	10200000	41.468
Chr09	10200001	10300000	40.720
Chr09	10300001	10400000	42.104
Chr09	10400001	10500000	43.066
Chr09	10500001	10600000	42.251
Chr09	10600001	10700000	42.520
Chr09	10700001	10800000	44.556
Chr09	10800001	10900000	46.106
Chr09	10900001	11000000	40.860
Chr09	11000001	11100000	40.841
Chr09	11100001	11200000	44.293
Chr09	11200001	11300000	39.969
Chr09	11300001	11400000	42.172
Chr09	11400001	11500000	40.549
Chr09	11500001	11600000	42.710
Chr09	11600001	11700000	40.756
Chr09	11700001	11800000	43.750
Chr09	11800001	11900000	44.391
Chr09	11900001	12000000	45.959
Chr09	12000001	12100000	40.918
Chr09	12100001	12200000	44.324
Chr09	12200001	12300000	38.573
Chr09	12300001	12400000	45.518
Chr09	12400001	12500000	41.966
Chr09	12500001	12600000	44.570
Chr09	12600001	12700000	40.940
Chr09	12700001	12800000	47.508
Chr09	12800001	12900000	45.062
Chr09	12900001	13000000	41.512
Chr09	13000001	13100000	45.383
Chr09	13100001	13200000	50.016
Chr09	13200001	13300000	39.378
Chr09	13300001	13400000	40.224
Chr09	13400001	13500000	39.616
Chr09	13500001	13600000	40.766
Chr09	13600001	13700000	41.785
Chr09	13700001	13800000	42.197
Chr09	13800001	13900000	46.031
Chr09	13900001	14000000	43.103
Chr09	14000001	14100000	44.333
Chr09	14100001	14200000	43.615
Chr09	14200001	14300000	41.302
Chr09	14300001	14400000	43.642
Chr09	14400001	14500000	40.285
Chr09	14500001	14600000	42.442
Chr09	14600001	14700000	43.532
Chr09	14700001	14800000	42.543
Chr09	14800001	14900000	45.781
Chr09	14900001	15000000	48.755
Chr09	15000001	15100000	44.760
Chr09	15100001	15200000	41.436
Chr09	15200001	15300000	41.708
Chr09	15300001	15400000	41.952
Chr09	15400001	15500000	41.700
Chr09	15500001	15600000	42.194
Chr09	15600001	15700000	43.691
Chr09	15700001	15800000	41.454
Chr09	15800001	15900000	39.950
Chr09	15900001	16000000	43.053
Chr09	16000001	16100000	44.385
Chr09	16100001	16200000	41.341
Chr09	16200001	16300000	41.558
Chr09	16300001	16400000	42.047
Chr09	16400001	16500000	42.612
Chr09	16500001	16600000	42.241
Chr09	16600001	16700000	41.731
Chr09	16700001	16800000	44.290
Chr09	16800001	16900000	41.350
Chr09	16900001	17000000	42.143
Chr09	17000001	17100000	39.909
Chr09	17100001	17200000	45.339
Chr09	17200001	17300000	41.918
Chr09	17300001	17400000	41.675
Chr09	17400001	17500000	45.544
Chr09	17500001	17600000	46.165
Chr09	17600001	17700000	44.883
Chr09	17700001	17800000	42.490
Chr09	17800001	17900000	46.312
Chr09	17900001	18000000	44.130
Chr09	18000001	18100000	41.401
Chr09	18100001	18200000	41.130
Chr09	18200001	18300000	42.519
Chr09	18300001	18400000	43.644
Chr09	18400001	18500000	42.410
Chr09	18500001	18600000	45.577
Chr09	18600001	18700000	48.164
Chr09	18700001	18800000	41.938
Chr09	18800001	18900000	37.831
Chr09	18900001	19000000	42.580
Chr09	19000001	19100000	42.755
Chr09	19100001	19200000	45.460
Chr09	19200001	19300000	43.475
Chr09	19300001	19400000	43.670
Chr09	19400001	19500000	45.696
Chr09	19500001	19600000	42.670
Chr09	19600001	19700000	42.734
Chr09	19700001	19800000	42.932
Chr09	19800001	19900000	44.410
Chr09	19900001	20000000	41.772
Chr09	20000001	20100000	42.056
Chr09	20100001	20200000	44.096
Chr09	20200001	20300000	44.669
Chr09	20300001	20400000	43.932
Chr09	20400001	20500000	39.986
Chr09	20500001	20600000	39.949
Chr09	20600001	20700000	43.328
Chr09	20700001	20800000	44.787
Chr09	20800001	20900000	43.279
Chr09	20900001	21000000	44.397
Chr09	21000001	21100000	44.376
Chr09	21100001	21200000	45.163
Chr09	21200001	21300000	44.830
Chr09	21300001	21400000	44.786
Chr09	21400001	21500000	48.505
Chr09	21500001	21600000	45.922
Chr09	21600001	21700000	44.124
Chr09	21700001	21800000	42.647
Chr09	21800001	21900000	46.205
Chr09	21900001	22000000	42.675
Chr09	22000001	22100000	43.995
Chr09	22100001	22200000	46.490
Chr09	22200001	22300000	44.057
Chr09	22300001	22400000	43.630
Chr09	22400001	22500000	43.477
Chr09	22500001	22600000	46.116
Chr09	22600001	22700000	44.060
Chr09	22700001	22800000	41.264
Chr09	22800001	22900000	44.603
Chr09	22900001	23000000	45.417
Chr09	23000001	23100000	46.018
Chr09	23100001	23200000	44.817
Chr09	23200001	23300000	43.521
Chr09	23300001	23400000	44.067
Chr09	23400001	23500000	44.890
Chr09	23500001	23600000	45.486
Chr09	23600001	23700000	42.233
Chr09	23700001	23800000	43.648
Chr09	23800001	23900000	44.298
Chr09	23900001	24000000	41.682
Chr09	24000001	24100000	43.654
Chr09	24100001	24200000	41.673
Chr09	24200001	24300000	41.552
Chr09	24300001	24400000	42.111
Chr09	24400001	24500000	41.595
Chr09	24500001	24600000	42.185
Chr09	24600001	24700000	40.916
Chr09	24700001	24800000	42.725
Chr09	24800001	24900000	40.505
Chr09	24900001	25000000	42.505
Chr09	25000001	25100000	44.178
Chr09	25100001	25200000	44.497
Chr09	25200001	25300000	43.255
Chr09	25300001	25400000	41.956
Chr09	25400001	25500000	45.511
Chr09	25500001	25600000	45.217
Chr09	25600001	25700000	43.103
Chr09	25700001	25800000	44.125
Chr09	25800001	25900000	45.101
Chr09	25900001	26000000	43.791
Chr09	26000001	26100000	43.160
Chr09	26100001	26200000	43.639
Chr09	26200001	26300000	44.291
Chr09	26300001	26400000	44.249
Chr09	26400001	26500000	43.883
Chr09	26500001	26600000	43.932
Chr09	26600001	26700000	44.129
Chr09	26700001	26800000	46.519
Chr09	26800001	26900000	40.934
Chr09	26900001	27000000	40.983
Chr09	27000001	27100000	45.468
Chr09	27100001	27200000	43.193
Chr09	27200001	27300000	44.988
Chr09	27300001	27400000	45.790
Chr09	27400001	27474823	51.514
Chr10	1	100000	42.142
Chr10	100001	200000	43.218
Chr10	200001	300000	43.496
Chr10	300001	400000	40.456
Chr10	400001	500000	40.742
Chr10	500001	600000	43.892
Chr10	600001	700000	43.064
Chr10	700001	800000	41.374
Chr10	800001	900000	41.969
Chr10	900001	1000000	43.084
Chr10	1000001	1100000	43.064
Chr10	1100001	1200000	43.431
Chr10	1200001	1300000	41.734
Chr10	1300001	1400000	45.355
Chr10	1400001	1500000	43.328
Chr10	1500001	1600000	41.977
Chr10	1600001	1700000	40.311
Chr10	1700001	1800000	43.338
Chr10	1800001	1900000	44.272
Chr10	1900001	2000000	42.952
Chr10	2000001	2100000	40.579
Chr10	2100001	2200000	39.799
Chr10	2200001	2300000	40.653
Chr10	2300001	2400000	44.693
Chr10	2400001	2500000	41.740
Chr10	2500001	2600000	43.133
Chr10	2600001	2700000	45.289
Chr10	2700001	2800000	42.249
Chr10	2800001	2900000	43.687
Chr10	2900001	3000000	42.595
Chr10	3000001	3100000	40.421
Chr10	3100001	3200000	44.491
Chr10	3200001	3300000	49.165
Chr10	3300001	3400000	46.706
Chr10	3400001	3500000	41.877
Chr10	3500001	3600000	43.091
Chr10	3600001	3700000	42.598
Chr10	3700001	3800000	42.300
Chr10	3800001	3900000	40.949
Chr10	3900001	4000000	43.374
Chr10	4000001	4100000	41.345
Chr10	4100001	4200000	40.973
Chr10	4200001	4300000	45.125
Chr10	4300001	4400000	45.558
Chr10	4400001	4500000	42.014
Chr10	4500001	4600000	44.030
Chr10	4600001	4700000	43.513
Chr10	4700001	4800000	43.672
Chr10	4800001	4900000	43.184
Chr10	4900001	5000000	47.309
Chr10	5000001	5100000	42.717
Chr10	5100001	5200000	43.701
Chr10	5200001	5300000	46.961
Chr10	5300001	5400000	43.182
Chr10	5400001	5500000	43.914
Chr10	5500001	5600000	43.169
Chr10	5600001	5700000	42.209
Chr10	5700001	5800000	43.075
Chr10	5800001	5900000	42.837
Chr10	5900001	6000000	41.014
Chr10	6000001	6100000	43.785
Chr10	6100001	6200000	44.788
Chr10	6200001	6300000	41.596
Chr10	6300001	6400000	42.049
Chr10	6400001	6500000	45.095
Chr10	6500001	6600000	45.455
Chr10	6600001	6700000	43.186
Chr10	6700001	6800000	45.357
Chr10	6800001	6900000	46.404
Chr10	6900001	7000000	44.777
Chr10	7000001	7100000	43.378
Chr10	7100001	7200000	44.625
Chr10	7200001	7300000	51.904
Chr10	7300001	7400000	50.939
Chr10	7400001	7500000	42.151
Chr10	7500001	7600000	43.110
Chr10	7600001	7700000	41.306
Chr10	7700001	7800000	43.517
Chr10	7800001	7900000	43.011
Chr10	7900001	8000000	48.589
Chr10	8000001	8100000	44.836
Chr10	8100001	8200000	45.444
Chr10	8200001	8300000	44.713
Chr10	8300001	8400000	42.079
Chr10	8400001	8500000	46.075
Chr10	8500001	8600000	41.937
Chr10	8600001	8700000	46.445
Chr10	8700001	8800000	48.507
Chr10	8800001	8900000	48.807
Chr10	8900001	9000000	45.628
Chr10	9000001	9100000	48.100
Chr10	9100001	9200000	46.303
Chr10	9200001	9300000	45.616
Chr10	9300001	9400000	43.163
Chr10	9400001	9500000	45.914
Chr10	9500001	9600000	42.013
Chr10	9600001	9700000	42.552
Chr10	9700001	9800000	45.079
Chr10	9800001	9900000	44.990
Chr10	9900001	10000000	43.766
Chr10	10000001	10100000	42.915
Chr10	10100001	10200000	43.645
Chr10	10200001	10300000	45.275
Chr10	10300001	10400000	41.207
Chr10	10400001	10500000	39.193
Chr10	10500001	10600000	46.816
Chr10	10600001	10700000	44.459
Chr10	10700001	10800000	42.792
Chr10	10800001	10900000	42.384
Chr10	10900001	11000000	42.680
Chr10	11000001	11100000	42.146
Chr10	11100001	11200000	42.778
Chr10	11200001	11300000	40.831
Chr10	11300001	11400000	39.679
Chr10	11400001	11500000	38.858
Chr10	11500001	11600000	41.711
Chr10	11600001	11700000	42.256
Chr10	11700001	11800000	42.454
Chr10	11800001	11900000	40.793
Chr10	11900001	12000000	42.574
Chr10	12000001	12100000	44.163
Chr10	12100001	12200000	43.984
Chr10	12200001	12300000	43.988
Chr10	12300001	12400000	44.167
Chr10	12400001	12500000	43.157
Chr10	12500001	12600000	41.823
Chr10	12600001	12700000	41.324
Chr10	12700001	12800000	42.950
Chr10	12800001	12900000	44.618
Chr10	12900001	13000000	43.711
Chr10	13000001	13100000	45.941
Chr10	13100001	13200000	45.854
Chr10	13200001	13300000	50.092
Chr10	13300001	13400000	44.436
Chr10	13400001	13500000	42.580
Chr10	13500001	13600000	41.013
Chr10	13600001	13700000	41.756
Chr10	13700001	13800000	42.256
Chr10	13800001	13900000	44.802
Chr10	13900001	14000000	44.998
Chr10	14000001	14100000	45.030
Chr10	14100001	14200000	43.657
Chr10	14200001	14300000	43.334
Chr10	14300001	14400000	41.604
Chr10	14400001	14500000	40.850
Chr10	14500001	14600000	41.965
Chr10	14600001	14700000	39.489
Chr10	14700001	14800000	39.715
Chr10	14800001	14900000	39.972
Chr10	14900001	15000000	43.141
Chr10	15000001	15100000	42.206
Chr10	15100001	15200000	42.508
Chr10	15200001	15300000	42.059
Chr10	15300001	15400000	41.540
Chr10	15400001	15500000	44.400
Chr10	15500001	15600000	44.326
Chr10	15600001	15700000	45.122
Chr10	15700001	15800000	46.277
Chr10	15800001	15900000	43.960
Chr10	15900001	16000000	47.709
Chr10	16000001	16100000	42.033
Chr10	16100001	16200000	45.345
Chr10	16200001	16300000	45.149
Chr10	16300001	16400000	46.143
Chr10	16400001	16500000	43.466
Chr10	16500001	16600000	43.699
Chr10	16600001	16700000	45.164
Chr10	16700001	16800000	42.745
Chr10	16800001	16900000	42.288
Chr10	16900001	17000000	42.704
Chr10	17000001	17100000	41.173
Chr10	17100001	17200000	44.402
Chr10	17200001	17300000	43.227
Chr10	17300001	17400000	40.757
Chr10	17400001	17500000	43.169
Chr10	17500001	17600000	46.072
Chr10	17600001	17700000	43.303
Chr10	17700001	17800000	43.591
Chr10	17800001	17900000	44.012
Chr10	17900001	18000000	44.837
Chr10	18000001	18100000	44.267
Chr10	18100001	18200000	39.900
Chr10	18200001	18300000	44.069
Chr10	18300001	18400000	43.313
Chr10	18400001	18500000	39.614
Chr10	18500001	18600000	37.945
Chr10	18600001	18700000	40.678
Chr10	18700001	18800000	42.159
Chr10	18800001	18900000	43.948
Chr10	18900001	19000000	44.822
Chr10	19000001	19100000	43.472
Chr10	19100001	19200000	42.853
Chr10	19200001	19300000	41.306
Chr10	19300001	19400000	43.089
Chr10	19400001	19500000	41.146
Chr10	19500001	19600000	43.482
Chr10	19600001	19700000	43.680
Chr10	19700001	19800000	43.369
Chr10	19800001	19900000	43.401
Chr10	19900001	20000000	41.335
Chr10	20000001	20100000	44.905
Chr10	20100001	20200000	45.021
Chr10	20200001	20300000	42.541
Chr10	20300001	20400000	43.236
Chr10	20400001	20500000	42.005
Chr10	20500001	20600000	48.051
Chr10	20600001	20700000	42.095
Chr10	20700001	20800000	44.209
Chr10	20800001	20900000	44.699
Chr10	20900001	21000000	43.812
Chr10	21000001	21100000	44.232
Chr10	21100001	21200000	45.435
Chr10	21200001	21300000	50.650
Chr10	21300001	21400000	45.464
Chr10	21400001	21500000	45.790
Chr10	21500001	21600000	43.944
Chr10	21600001	21700000	45.600
Chr10	21700001	21800000	44.249
Chr10	21800001	21900000	43.190
Chr10	21900001	22000000	43.858
Chr10	22000001	22100000	42.824
Chr10	22100001	22200000	43.027
Chr10	22200001	22300000	42.992
Chr10	22300001	22400000	44.081
Chr10	22400001	22500000	43.776
Chr10	22500001	22600000	43.594
Chr10	22600001	22700000	43.611
Chr10	22700001	22800000	42.625
Chr10	22800001	22900000	44.064
Chr10	22900001	23000000	43.903
Chr10	23000001	23100000	42.245
Chr10	23100001	23200000	43.077
Chr10	23200001	23300000	43.516
Chr10	23300001	23400000	44.867
Chr10	23400001	23500000	41.989
Chr10	23500001	23600000	45.986
Chr10	23600001	23700000	44.896
Chr10	23700001	23800000	42.996
Chr10	23800001	23900000	45.222
Chr10	23900001	23931887	43.171
Chr11	1	100000	43.199
Chr11	100001	200000	42.132
Chr11	200001	300000	41.989
Chr11	300001	400000	41.457
Chr11	400001	500000	46.016
Chr11	500001	600000	46.542
Chr11	600001	700000	43.233
Chr11	700001	800000	40.950
Chr11	800001	900000	43.126
Chr11	900001	1000000	45.087
Chr11	1000001	1100000	43.221
Chr11	1100001	1200000	45.816
Chr11	1200001	1300000	41.066
Chr11	1300001	1400000	41.180
Chr11	1400001	1500000	41.276
Chr11	1500001	1600000	42.586
Chr11	1600001	1700000	41.526
Chr11	1700001	1800000	40.154
Chr11	1800001	1900000	44.751
Chr11	1900001	2000000	44.682
Chr11	2000001	2100000	44.452
Chr11	2100001	2200000	43.265
Chr11	2200001	2300000	41.786
Chr11	2300001	2400000	43.647
Chr11	2400001	2500000	42.127
Chr11	2500001	2600000	41.286
Chr11	2600001	2700000	40.966
Chr11	2700001	2800000	41.034
Chr11	2800001	2900000	42.495
Chr11	2900001	3000000	40.316
Chr11	3000001	3100000	44.283
Chr11	3100001	3200000	43.804
Chr11	3200001	3300000	41.893
Chr11	3300001	3400000	42.101
Chr11	3400001	3500000	43.248
Chr11	3500001	3600000	42.752
Chr11	3600001	3700000	40.431
Chr11	3700001	3800000	45.852
Chr11	3800001	3900000	40.773
Chr11	3900001	4000000	41.887
Chr11	4000001	4100000	42.499
Chr11	4100001	4200000	41.646
Chr11	4200001	4300000	43.602
Chr11	4300001	4400000	41.717
Chr11	4400001	4500000	42.245
Chr11	4500001	4600000	42.614
Chr11	4600001	4700000	40.831
Chr11	4700001	4800000	42.648
Chr11	4800001	4900000	41.968
Chr11	4900001	5000000	41.943
Chr11	5000001	5100000	47.044
Chr11	5100001	5200000	43.770
Chr11	5200001	5300000	44.253
Chr11	5300001	5400000	45.317
Chr11	5400001	5500000	41.520
Chr11	5500001	5600000	40.856
Chr11	5600001	5700000	41.562
Chr11	5700001	5800000	42.418
Chr11	5800001	5900000	41.311
Chr11	5900001	6000000	39.777
Chr11	6000001	6100000	44.167
Chr11	6100001	6200000	41.542
Chr11	6200001	6300000	44.448
Chr11	6300001	6400000	42.980
Chr11	6400001	6500000	42.864
Chr11	6500001	6600000	44.670
Chr11	6600001	6700000	44.282
Chr11	6700001	6800000	45.549
Chr11	6800001	6900000	42.937
Chr11	6900001	7000000	41.600
Chr11	7000001	7100000	41.040
Chr11	7100001	7200000	46.078
Chr11	7200001	7300000	43.352
Chr11	7300001	7400000	43.908
Chr11	7400001	7500000	42.537
Chr11	7500001	7600000	46.143
Chr11	7600001	7700000	42.273
Chr11	7700001	7800000	43.659
Chr11	7800001	7900000	47.683
Chr11	7900001	8000000	40.377
Chr11	8000001	8100000	40.451
Chr11	8100001	8200000	39.882
Chr11	8200001	8300000	41.298
Chr11	8300001	8400000	39.162
Chr11	8400001	8500000	40.605
Chr11	8500001	8600000	43.936
Chr11	8600001	8700000	43.734
Chr11	8700001	8800000	43.269
Chr11	8800001	8900000	43.931
Chr11	8900001	9000000	42.433
Chr11	9000001	9100000	41.167
Chr11	9100001	9200000	41.619
Chr11	9200001	9300000	41.007
Chr11	9300001	9400000	43.130
Chr11	9400001	9500000	40.901
Chr11	9500001	9600000	38.599
Chr11	9600001	9700000	39.973
Chr11	9700001	9800000	41.444
Chr11	9800001	9900000	47.118
Chr11	9900001	10000000	41.018
Chr11	10000001	10100000	41.937
Chr11	10100001	10200000	41.869
Chr11	10200001	10300000	41.770
Chr11	10300001	10400000	43.575
Chr11	10400001	10500000	41.805
Chr11	10500001	10600000	41.524
Chr11	10600001	10700000	42.870
Chr11	10700001	10800000	41.625
Chr11	10800001	10900000	41.957
Chr11	10900001	11000000	43.670
Chr11	11000001	11100000	40.649
Chr11	11100001	11200000	42.286
Chr11	11200001	11300000	40.120
Chr11	11300001	11400000	42.002
Chr11	11400001	11500000	42.440
Chr11	11500001	11600000	39.823
Chr11	11600001	11700000	45.116
Chr11	11700001	11800000	44.089
Chr11	11800001	11900000	42.903
Chr11	11900001	12000000	45.606
Chr11	12000001	12100000	42.112
Chr11	12100001	12200000	45.360
Chr11	12200001	12300000	44.689
Chr11	12300001	12400000	43.541
Chr11	12400001	12500000	42.529
Chr11	12500001	12600000	45.115
Chr11	12600001	12700000	49.171
Chr11	12700001	12800000	45.410
Chr11	12800001	12900000	45.329
Chr11	12900001	13000000	42.308
Chr11	13000001	13100000	42.196
Chr11	13100001	13200000	42.008
Chr11	13200001	13300000	42.275
Chr11	13300001	13400000	42.191
Chr11	13400001	13500000	42.374
Chr11	13500001	13600000	42.515
Chr11	13600001	13700000	42.111
Chr11	13700001	13800000	42.825
Chr11	13800001	13900000	41.859
Chr11	13900001	14000000	42.328
Chr11	14000001	14100000	42.161
Chr11	14100001	14200000	41.474
Chr11	14200001	14300000	42.018
Chr11	14300001	14400000	46.042
Chr11	14400001	14500000	45.305
Chr11	14500001	14600000	45.655
Chr11	14600001	14700000	44.047
Chr11	14700001	14800000	43.667
Chr11	14800001	14900000	42.221
Chr11	14900001	15000000	47.559
Chr11	15000001	15100000	42.323
Chr11	15100001	15200000	44.008
Chr11	15200001	15300000	46.549
Chr11	15300001	15400000	43.829
Chr11	15400001	15500000	43.402
Chr11	15500001	15600000	42.547
Chr11	15600001	15700000	41.958
Chr11	15700001	15800000	41.767
Chr11	15800001	15900000	41.137
Chr11	15900001	16000000	42.255
Chr11	16000001	16100000	43.183
Chr11	16100001	16200000	40.504
Chr11	16200001	16300000	42.290
Chr11	16300001	16400000	45.132
Chr11	16400001	16500000	44.170
Chr11	16500001	16600000	43.481
Chr11	16600001	16700000	42.397
Chr11	16700001	16800000	44.589
Chr11	16800001	16900000	44.513
Chr11	16900001	17000000	45.615
Chr11	17000001	17100000	44.130
Chr11	17100001	17200000	42.942
Chr11	17200001	17300000	41.306
Chr11	17300001	17400000	41.763
Chr11	17400001	17500000	44.315
Chr11	17500001	17600000	41.640
Chr11	17600001	17700000	44.494
Chr11	17700001	17800000	42.640
Chr11	17800001	17900000	44.326
Chr11	17900001	18000000	41.801
Chr11	18000001	18100000	42.174
Chr11	18100001	18200000	40.363
Chr11	18200001	18300000	40.947
Chr11	18300001	18400000	41.491
Chr11	18400001	18500000	40.915
Chr11	18500001	18600000	46.070
Chr11	18600001	18700000	43.799
Chr11	18700001	18800000	41.235
Chr11	18800001	18900000	41.445
Chr11	18900001	19000000	40.593
Chr11	19000001	19100000	45.754
Chr11	19100001	19200000	41.752
Chr11	19200001	19300000	41.465
Chr11	19300001	19400000	41.421
Chr11	19400001	19500000	43.379
Chr11	19500001	19600000	40.583
Chr11	19600001	19700000	44.931
Chr11	19700001	19800000	42.269
Chr11	19800001	19900000	43.684
Chr11	19900001	20000000	43.692
Chr11	20000001	20100000	41.914
Chr11	20100001	20200000	46.340
Chr11	20200001	20300000	41.485
Chr11	20300001	20400000	40.291
Chr11	20400001	20500000	39.521
Chr11	20500001	20600000	39.972
Chr11	20600001	20700000	41.496
Chr11	20700001	20800000	43.260
Chr11	20800001	20900000	40.608
Chr11	20900001	21000000	40.317
Chr11	21000001	21100000	43.150
Chr11	21100001	21200000	41.803
Chr11	21200001	21300000	39.984
Chr11	21300001	21400000	41.595
Chr11	21400001	21500000	41.179
Chr11	21500001	21600000	43.631
Chr11	21600001	21700000	40.962
Chr11	21700001	21800000	42.962
Chr11	21800001	21900000	40.990
Chr11	21900001	22000000	43.184
Chr11	22000001	22100000	44.837
Chr11	22100001	22200000	50.711
Chr11	22200001	22300000	39.387
Chr11	22300001	22400000	41.896
Chr11	22400001	22500000	41.493
Chr11	22500001	22600000	44.253
Chr11	22600001	22700000	43.084
Chr11	22700001	22800000	43.494
Chr11	22800001	22900000	43.882
Chr11	22900001	23000000	42.449
Chr11	23000001	23100000	44.725
Chr11	23100001	23200000	41.224
Chr11	23200001	23300000	44.922
Chr11	23300001	23400000	45.052
Chr11	23400001	23500000	42.737
Chr11	23500001	23600000	42.006
Chr11	23600001	23700000	44.278
Chr11	23700001	23800000	42.941
Chr11	23800001	23900000	42.618
Chr11	23900001	24000000	42.091
Chr11	24000001	24100000	45.197
Chr11	24100001	24200000	41.833
Chr11	24200001	24300000	43.267
Chr11	24300001	24400000	44.870
Chr11	24400001	24500000	40.273
Chr11	24500001	24600000	44.737
Chr11	24600001	24700000	42.325
Chr11	24700001	24800000	45.155
Chr11	24800001	24900000	41.210
Chr11	24900001	25000000	41.497
Chr11	25000001	25100000	41.188
Chr11	25100001	25200000	41.160
Chr11	25200001	25300000	44.478
Chr11	25300001	25400000	43.587
Chr11	25400001	25500000	41.075
Chr11	25500001	25600000	42.169
Chr11	25600001	25700000	44.044
Chr11	25700001	25800000	47.972
Chr11	25800001	25900000	44.173
Chr11	25900001	26000000	44.409
Chr11	26000001	26100000	43.797
Chr11	26100001	26200000	42.636
Chr11	26200001	26300000	42.251
Chr11	26300001	26400000	45.288
Chr11	26400001	26500000	40.728
Chr11	26500001	26600000	41.305
Chr11	26600001	26700000	42.202
Chr11	26700001	26800000	43.745
Chr11	26800001	26900000	43.292
Chr11	26900001	27000000	39.787
Chr11	27000001	27100000	41.407
Chr11	27100001	27200000	41.572
Chr11	27200001	27300000	39.652
Chr11	27300001	27400000	45.311
Chr11	27400001	27500000	45.524
Chr11	27500001	27600000	42.064
Chr11	27600001	27700000	48.713
Chr11	27700001	27800000	41.166
Chr11	27800001	27900000	43.002
Chr11	27900001	28000000	46.725
Chr11	28000001	28100000	44.457
Chr11	28100001	28200000	45.024
Chr11	28200001	28300000	43.677
Chr11	28300001	28400000	41.820
Chr11	28400001	28500000	40.873
Chr11	28500001	28600000	42.226
Chr11	28600001	28700000	45.644
Chr11	28700001	28800000	42.136
Chr11	28800001	28900000	46.748
Chr11	28900001	29000000	43.957
Chr11	29000001	29100000	45.120
Chr11	29100001	29200000	43.616
Chr11	29200001	29300000	43.451
Chr11	29300001	29400000	43.194
Chr11	29400001	29500000	43.909
Chr11	29500001	29600000	46.212
Chr11	29600001	29700000	41.421
Chr11	29700001	29800000	42.247
Chr11	29800001	29900000	43.681
Chr11	29900001	30000000	42.345
Chr11	30000001	30100000	41.478
Chr11	30100001	30200000	42.374
Chr11	30200001	30300000	41.077
Chr11	30300001	30400000	44.295
Chr11	30400001	30500000	44.534
Chr11	30500001	30600000	40.006
Chr11	30600001	30700000	42.798
Chr11	30700001	30800000	43.104
Chr11	30800001	30900000	44.750
Chr11	30900001	31000000	45.465
Chr11	31000001	31100000	42.872
Chr11	31100001	31111469	42.183
Chr12	1	100000	43.133
Chr12	100001	200000	43.545
Chr12	200001	300000	41.940
Chr12	300001	400000	42.989
Chr12	400001	500000	43.829
Chr12	500001	600000	45.225
Chr12	600001	700000	43.811
Chr12	700001	800000	41.935
Chr12	800001	900000	42.333
Chr12	900001	1000000	43.027
Chr12	1000001	1100000	44.020
Chr12	1100001	1200000	44.020
Chr12	1200001	1300000	40.345
Chr12	1300001	1400000	41.549
Chr12	1400001	1500000	41.196
Chr12	1500001	1600000	42.501
Chr12	1600001	1700000	39.909
Chr12	1700001	1800000	46.640
Chr12	1800001	1900000	44.089
Chr12	1900001	2000000	43.572
Chr12	2000001	2100000	45.099
Chr12	2100001	2200000	45.838
Chr12	2200001	2300000	43.487
Chr12	2300001	2400000	42.498
Chr12	2400001	2500000	42.985
Chr12	2500001	2600000	43.178
Chr12	2600001	2700000	41.789
Chr12	2700001	2800000	41.119
Chr12	2800001	2900000	41.889
Chr12	2900001	3000000	40.613
Chr12	3000001	3100000	43.564
Chr12	3100001	3200000	40.217
Chr12	3200001	3300000	44.459
Chr12	3300001	3400000	42.889
Chr12	3400001	3500000	41.354
Chr12	3500001	3600000	41.573
Chr12	3600001	3700000	40.467
Chr12	3700001	3800000	40.679
Chr12	3800001	3900000	40.981
Chr12	3900001	4000000	42.427
Chr12	4000001	4100000	44.739
Chr12	4100001	4200000	42.230
Chr12	4200001	4300000	44.801
Chr12	4300001	4400000	45.112
Chr12	4400001	4500000	44.162
Chr12	4500001	4600000	38.993
Chr12	4600001	4700000	38.099
Chr12	4700001	4800000	40.614
Chr12	4800001	4900000	43.607
Chr12	4900001	5000000	42.787
Chr12	5000001	5100000	41.160
Chr12	5100001	5200000	41.342
Chr12	5200001	5300000	48.345
Chr12	5300001	5400000	44.764
Chr12	5400001	5500000	42.011
Chr12	5500001	5600000	42.646
Chr12	5600001	5700000	39.210
Chr12	5700001	5800000	39.213
Chr12	5800001	5900000	41.337
Chr12	5900001	6000000	43.850
Chr12	6000001	6100000	46.003
Chr12	6100001	6200000	44.775
Chr12	6200001	6300000	42.582
Chr12	6300001	6400000	43.117
Chr12	6400001	6500000	44.074
Chr12	6500001	6600000	42.045
Chr12	6600001	6700000	43.557
Chr12	6700001	6800000	43.566
Chr12	6800001	6900000	43.661
Chr12	6900001	7000000	43.589
Chr12	7000001	7100000	44.703
Chr12	7100001	7200000	40.672
Chr12	7200001	7300000	42.139
Chr12	7300001	7400000	41.860
Chr12	7400001	7500000	41.862
Chr12	7500001	7600000	39.043
Chr12	7600001	7700000	42.268
Chr12	7700001	7800000	40.096
Chr12	7800001	7900000	41.187
Chr12	7900001	8000000	42.742
Chr12	8000001	8100000	43.419
Chr12	8100001	8200000	44.266
Chr12	8200001	8300000	42.809
Chr12	8300001	8400000	42.169
Chr12	8400001	8500000	40.947
Chr12	8500001	8600000	45.219
Chr12	8600001	8700000	45.115
Chr12	8700001	8800000	40.693
Chr12	8800001	8900000	42.802
Chr12	8900001	9000000	41.866
Chr12	9000001	9100000	48.179
Chr12	9100001	9200000	44.937
Chr12	9200001	9300000	42.448
Chr12	9300001	9400000	39.245
Chr12	9400001	9500000	44.657
Chr12	9500001	9600000	41.466
Chr12	9600001	9700000	43.117
Chr12	9700001	9800000	47.607
Chr12	9800001	9900000	42.859
Chr12	9900001	10000000	42.592
Chr12	10000001	10100000	44.771
Chr12	10100001	10200000	42.825
Chr12	10200001	10300000	44.271
Chr12	10300001	10400000	41.596
Chr12	10400001	10500000	43.637
Chr12	10500001	10600000	41.708
Chr12	10600001	10700000	46.286
Chr12	10700001	10800000	44.386
Chr12	10800001	10900000	42.155
Chr12	10900001	11000000	41.218
Chr12	11000001	11100000	45.916
Chr12	11100001	11200000	44.334
Chr12	11200001	11300000	42.223
Chr12	11300001	11400000	40.890
Chr12	11400001	11500000	42.407
Chr12	11500001	11600000	45.806
Chr12	11600001	11700000	47.415
Chr12	11700001	11800000	44.087
Chr12	11800001	11900000	44.093
Chr12	11900001	12000000	44.379
Chr12	12000001	12100000	44.941
Chr12	12100001	12200000	41.909
Chr12	12200001	12300000	41.848
Chr12	12300001	12400000	41.570
Chr12	12400001	12500000	41.541
Chr12	12500001	12600000	45.687
Chr12	12600001	12700000	45.633
Chr12	12700001	12800000	44.373
Chr12	12800001	12900000	40.978
Chr12	12900001	13000000	45.902
Chr12	13000001	13100000	42.675
Chr12	13100001	13200000	41.133
Chr12	13200001	13300000	44.779
Chr12	13300001	13400000	40.566
Chr12	13400001	13500000	45.482
Chr12	13500001	13600000	44.202
Chr12	13600001	13700000	44.693
Chr12	13700001	13800000	46.265
Chr12	13800001	13900000	45.886
Chr12	13900001	14000000	41.892
Chr12	14000001	14100000	44.477
Chr12	14100001	14200000	43.511
Chr12	14200001	14300000	44.703
Chr12	14300001	14400000	43.733
Chr12	14400001	14500000	41.866
Chr12	14500001	14600000	40.529
Chr12	14600001	14700000	42.555
Chr12	14700001	14800000	44.537
Chr12	14800001	14900000	42.849
Chr12	14900001	15000000	43.156
Chr12	15000001	15100000	42.380
Chr12	15100001	15200000	43.584
Chr12	15200001	15300000	42.716
Chr12	15300001	15400000	42.028
Chr12	15400001	15500000	45.287
Chr12	15500001	15600000	44.580
Chr12	15600001	15700000	40.965
Chr12	15700001	15800000	44.589
Chr12	15800001	15900000	43.061
Chr12	15900001	16000000	41.000
Chr12	16000001	16100000	42.989
Chr12	16100001	16200000	44.934
Chr12	16200001	16300000	42.599
Chr12	16300001	16400000	43.750
Chr12	16400001	16500000	42.038
Chr12	16500001	16600000	40.767
Chr12	16600001	16700000	46.355
Chr12	16700001	16800000	43.927
Chr12	16800001	16900000	44.499
Chr12	16900001	17000000	41.264
Chr12	17000001	17100000	41.618
Chr12	17100001	17200000	42.371
Chr12	17200001	17300000	49.133
Chr12	17300001	17400000	44.046
Chr12	17400001	17500000	45.687
Chr12	17500001	17600000	47.270
Chr12	17600001	17700000	48.408
Chr12	17700001	17800000	46.045
Chr12	17800001	17900000	41.404
Chr12	17900001	18000000	42.680
Chr12	18000001	18100000	39.185
Chr12	18100001	18200000	40.682
Chr12	18200001	18300000	42.605
Chr12	18300001	18400000	41.376
Chr12	18400001	18500000	40.756
Chr12	18500001	18600000	38.857
Chr12	18600001	18700000	45.919
Chr12	18700001	18800000	44.937
Chr12	18800001	18900000	41.471
Chr12	18900001	19000000	42.729
Chr12	19000001	19100000	44.195
Chr12	19100001	19200000	45.394
Chr12	19200001	19300000	42.863
Chr12	19300001	19400000	42.953
Chr12	19400001	19500000	42.699
Chr12	19500001	19600000	41.325
Chr12	19600001	19700000	40.256
Chr12	19700001	19800000	41.604
Chr12	19800001	19900000	42.126
Chr12	19900001	20000000	39.838
Chr12	20000001	20100000	40.241
Chr12	20100001	20200000	42.099
Chr12	20200001	20300000	40.733
Chr12	20300001	20400000	41.882
Chr12	20400001	20500000	43.022
Chr12	20500001	20600000	40.738
Chr12	20600001	20700000	43.597
Chr12	20700001	20800000	44.110
Chr12	20800001	20900000	46.825
Chr12	20900001	21000000	47.279
Chr12	21000001	21100000	44.937
Chr12	21100001	21200000	44.972
Chr12	21200001	21300000	46.541
Chr12	21300001	21400000	45.983
Chr12	21400001	21500000	44.206
Chr12	21500001	21600000	42.218
Chr12	21600001	21700000	40.969
Chr12	21700001	21800000	42.511
Chr12	21800001	21900000	40.943
Chr12	21900001	22000000	43.447
Chr12	22000001	22100000	47.416
Chr12	22100001	22200000	42.125
Chr12	22200001	22300000	42.324
Chr12	22300001	22400000	41.693
Chr12	22400001	22500000	39.885
Chr12	22500001	22600000	41.518
Chr12	22600001	22700000	42.963
Chr12	22700001	22800000	41.142
Chr12	22800001	22900000	42.184
Chr12	22900001	23000000	44.968
Chr12	23000001	23100000	44.830
Chr12	23100001	23200000	40.583
Chr12	23200001	23300000	43.532
Chr12	23300001	23400000	42.366
Chr12	23400001	23500000	40.509
Chr12	23500001	23600000	43.991
Chr12	23600001	23700000	44.492
Chr12	23700001	23800000	40.694
Chr12	23800001	23900000	42.790
Chr12	23900001	24000000	41.534
Chr12	24000001	24100000	44.883
Chr12	24100001	24200000	41.695
Chr12	24200001	24300000	41.109
Chr12	24300001	24400000	42.679
Chr12	24400001	24500000	45.471
Chr12	24500001	24600000	40.128
Chr12	24600001	24700000	41.563
Chr12	24700001	24800000	42.704
Chr12	24800001	24900000	42.687
Chr12	24900001	25000000	41.138
Chr12	25000001	25100000	40.183
Chr12	25100001	25200000	44.666
Chr12	25200001	25300000	42.727
Chr12	25300001	25400000	41.729
Chr12	25400001	25500000	44.605
Chr12	25500001	25600000	41.636
Chr12	25600001	25700000	41.858
Chr12	25700001	25800000	45.079
Chr12	25800001	25900000	43.358
Chr12	25900001	26000000	45.677
Chr12	26000001	26100000	43.372
Chr12	26100001	26200000	39.498
Chr12	26200001	26300000	42.462
Chr12	26300001	26400000	43.876
Chr12	26400001	26500000	44.763
Chr12	26500001	26600000	40.327
Chr12	26600001	26700000	41.636
Chr12	26700001	26800000	41.606
Chr12	26800001	26900000	42.313
Chr12	26900001	27000000	39.663
Chr12	27000001	27100000	42.457
Chr12	27100001	27200000	41.127
Chr12	27200001	27300000	44.822
Chr12	27300001	27400000	43.983
Chr12	27400001	27500000	43.068
Chr12	27500001	27600000	44.720
Chr12	27600001	27700000	41.068
Chr12	27700001	27800000	40.659
Chr12	27800001	27900000	43.898
Chr12	27900001	28000000	45.338
Chr12	28000001	28100000	44.031
Chr12	28100001	28200000	44.498
Chr12	28200001	28271460	39.847
